fecha,etiquetaOriginal,ventasArs,recTransferenciaArs,sinRespaldoArs,facAContadoArs,facBContadoArs,fcCuentaCorrienteArs,ffArs,facturadoArs,comprasArs
2026-06-04,Jeudi 4,681200,332600,0,0,348600,8692082,0,9040682,0
2026-06-03,Mercredi 3,1189450,81000,582450,526000,0,0,0,526000,0
2026-06-02,Mardi 2,1047900,0,525400,82000,440500,1028400,0,1550900,236813
2026-06-01,Lundi 1,1497000,0,1251500,63500,182000,0,0,245500,790000
2026-05-30,Samedi 30,535000,0,189000,160000,186000,661000,0,1007000,0
2026-05-29,Vendredi 29,1226635,0,369300,486735,370600,0,0,857335,0
2026-05-28,Jeudi 28,498500,0,322500,176000,0,66429,0,242429,0
2026-05-27,Mercredi 27,1353700,0,284700,1056000,13000,0,0,1069000,0
2026-05-26,Mardi 26,2301700,1455000,417200,351500,78000,0,0,429500,0
2026-05-23,Samedi 23,490000,0,280000,30000,180000,0,0,0,0
2026-05-22,Vendredi 22,843100,0,228000,428000,187100,0,0,0,0
2026-05-21,Jeudi 21,540000,0,354000,0,186000,0,0,0,0
2026-05-20,Mercredi 20,823000,0,231000,35000,557000,388800,0,980800,0
2026-05-19,Mardi 19,1107800,0,397400,220000,490400,0,0,710400,0
2026-05-18,Lundi 18,926300,0,681500,0,244800,0,0,244800,0
2026-05-16,Samedi 16,648000,0,298000,28000,322000,0,0,350000,0
2026-05-15,Vendredi 15,914900,0,652300,22000,240600,0,0,262600,0
2026-05-14,Jeudi 14,1340200,500000,296500,164500,379200,389000,0,932700,0
2026-05-13,Mercredi 13,441100,0,288100,138000,15000,0,0,153000,0
2026-05-12,Mardi 12,2433900,426300,377600,791900,838100,0,0,1630000,0
2026-05-11,Lundi 11,2659600,0,232800,740900,1685900,0,0,2426800,0
2026-05-09,Samedi 9,917500,0,480500,20000,417000,0,0,437000,0
2026-05-08,Vendredi 8,969300,0,360500,240000,368800,0,0,0,300000
2026-05-07,Jeudi 7,1895500,0,857000,67000,971500,0,0,1038500,187235
2026-05-06,Mercredi 6,1111500,0,658300,48000,405200,0,0,453200,2500000
2026-05-05,Mardi 5,971500,0,376500,223000,372000,426300,0,1021300,1416183
2026-05-04,Lundi 4,2223400,0,723400,401000,1099000,0,0,1500000,496584
2026-05-02,Samedi  2,1203000,0,1203000,0,0,0,0,0,671563
2026-05-01,Vendredi 1,0,0,0,0,0,0,0,0,800052
2026-04-30,Jueves 30,1610873,683000,683000,244873,0,0,0,244873,0
2026-04-29,Miércoles 29,1812750,0,792700,1004050,16000,0,0,1020050,0
2026-04-28,Martes 28,787300,0,752300,0,35000,0,0,35000,0
2026-04-27,Lunes 27,1914801,0,1073000,789801,52000,0,0,841801,0
2026-04-25,Sábado 25,823200,0,389200,402000,32000,0,0,434000,0
2026-04-24,Viernes 24,2548000,0,1621000,927000,0,0,0,927000,0
2026-04-23,Jueves 23,1846500,0,550500,1256000,40000,0,0,0,0
2026-04-22,Miércoles 22,1454500,0,1363500,66000,25000,0,0,0,0
2026-04-21,Martes 21,1189100,30000,738100,47000,374000,0,0,0,0
2026-04-20,Lunes 20,1341900,0,537400,251000,553500,0,0,804500,265000
2026-04-18,Sábado 18,1358400,0,738400,432000,188000,0,0,0,361000
2026-04-17,Viernes 17,1586400,0,692400,270000,624000,0,0,894000,76600
2026-04-16,Jueves 16,1991000,0,812000,649000,530000,0,0,1179000,635000
2026-04-15,Miércoles 15,1734000,240000,821000,202000,471000,-60000,-449000,164000,1651899
2026-04-14,Martes 14,1779000,0,928500,60000,790500,0,0,850500,733000
2026-04-13,Lunes 13,2317700,0,715000,1076000,526700,0,0,1602700,617808
2026-04-11,Sábado 11,5933617,0,626000,5277617,30000,0,0,5307617,712811
2026-04-10,Viernes 10,2398000,0,840000,1185000,373000,0,0,1558000,360000
2026-04-09,Jueves 9,2116500,0,490000,656500,970000,0,0,1626500,114380
2026-04-08,Miércoles 8,837000,0,613000,44000,180000,0,0,224000,904650
2026-04-07,Martes 7,2557312,0,1019800,1429512,108000,0,0,1537512,1160737
2026-04-06,Lunes 6,2441500,0,1440000,627000,374500,30000,0,1031500,293000
2026-04-04,Sábado 4,3194000,0,2011000,0,1183000,0,0,1183000,301780
2026-04-03,Viernes 3,0,0,0,0,0,0,0,0,500000
2026-04-02,Jueves 2,0,0,0,0,0,0,0,0,1315657
2026-04-01,Miercoles 1,2042500,0,1002500,66000,974000,0,0,1040000,400000
2026-03-31,Mardi 31,2574000,19500,1388500,288000,878000,0,0,1166000,0
2026-03-30,Lundi 30,2472100,0,1826700,288400,357000,0,0,645400,0
2026-03-28,Samedi 28,1238000,0,504500,0,733500,0,0,733500,1971530
2026-03-27,Vendredi 27,1147500,0,845500,15000,287000,0,0,302000,380000
2026-03-26,Jeudi 26,1895600,32000,681600,595000,587000,0,0,1182000,186200
2026-03-25,Mercredi 25,2014800,0,1535400,48000,431400,0,0,479400,600000
2026-03-24,Mardi 24,0,0,0,0,0,0,0,0,1185800
2026-03-23,Lundi 23,1964740,0,1474300,65340,425100,0,0,490440,742263
2026-03-21,Samedi 21,2211000,0,770000,704000,737000,19500,0,1460500,1901300
2026-03-20,Vendredi 20,1349300,0,655300,60000,634000,0,0,694000,323910
2026-03-19,Jeudi 19,2704150,0,1029700,1215950,458500,0,0,1674450,236312
2026-03-18,Mercredi 18,2380500,0,1523500,297000,560000,0,0,857000,1523000
2026-03-17,Mardi 17,2202200,0,977200,258000,967000,0,0,1225000,164450
2026-03-16,Lundi 16,3057780,0,1885100,582180,590500,32000,0,1204680,773190
2026-03-14,Samedi 14,2203620,0,1082500,1121120,0,0,0,1121120,3287328
2026-03-13,Vendredi 13,1702500,0,859500,243000,600000,0,0,843000,1142004
2026-03-12,Jeudi 12,2301690,797190,955500,0,549000,0,0,549000,1746800
2026-03-11,Mercredi 11,1743500,0,773500,588000,382000,135000,0,1105000,63000
2026-03-10,Mardi 10,1250200,0,526200,60000,664000,0,0,724000,310762
2026-03-07,Samedi  7,882500,0,396500,120000,366000,0,0,486000,280000
2026-03-06,Vendredi 6,2288200,391500,1124800,112000,659900,0,0,771900,1125000
2026-03-05,Jeudi 5,2022000,400000,1124000,85000,413000,483997,350000,1331997,580000
2026-03-04,Mercredi 4,3655551,0,1329000,1481051,845500,0,0,2326551,675000
2026-03-03,Mardi 3,2237300,0,1005300,431000,801000,775000,210000,2217000,1529258
2026-03-02,Lundi 2,3754500,0,1465000,1245000,1044500,0,0,2289500,522500
2026-02-28,Samedi 28,1443000,0,1286000,137000,20000,0,1101000,1258000,450936
2026-02-27,Vendredi 27,3919400,3022400,115000,782000,0,0,0,782000,1500000
2026-02-26,Jeudi 26,2859500,810000,1144500,54000,851000,0,0,905000,1684320
2026-02-25,Mercredi 25,1588500,0,1043500,545000,0,945000,0,1490000,1171830
2026-02-24,Mardi 24,2511800,0,1218000,928300,365500,0,0,1293800,96000
2026-02-23,Lundi 23,2401000,0,915000,495000,991000,-240000,0,1246000,484133
2026-02-21,Samedi 21,2961000,0,2100500,90000,770500,0,0,860500,1704000
2026-02-20,Vendredi 20,0,0,0,0,0,0,0,0,105564
2026-02-19,Jeudi 19,2640900,0,1552900,109000,979000,0,0,1088000,81300
2026-02-18,Mercredi 18,2894700,0,1143700,369500,1381500,0,0,1751000,295456
2026-02-17,Mardi 17,0,0,0,0,0,0,0,0,370000
2026-02-16,Lundi 16,0,0,0,0,0,0,0,0,1787315
2026-02-14,Samedi 14,1909000,0,1352500,556500,0,0,0,556500,121270
2026-02-13,Vendredi 13,2507400,0,1694400,813000,0,0,0,813000,2306052
2026-02-12,Jeudi 12,2890000,0,1881000,450000,559000,0,0,1009000,0
2026-02-11,Mercredi 11,3860346,0,2430346,508000,922000,0,0,1430000,450000
2026-02-10,Mardi 10,2876300,0,1419800,510000,946500,0,0,1456500,1444038
2026-02-09,Lundi 9,4856100,1757300,1842300,96000,1160500,0,0,1256500,95780
2026-02-07,Samedi  7,1707500,0,943000,210000,554500,0,0,764500,1201000
2026-02-06,Vendredi 6,3680740,0,1939800,330940,1410000,0,0,1740940,811305
2026-02-05,Jeudi 5,2636100,0,1679500,169500,787100,1472000,0,2428600,744876
2026-02-04,Mercredi 4,3761800,0,2400000,148000,1213800,0,0,1361800,4256242
2026-02-03,Mardi 3,2840500,0,2043500,0,797000,0,0,797000,1073754
2026-02-02,Lundi 2,5666900,0,3311000,586400,1769500,315000,0,2670900,580000
2026-01-31,Samedi 31,2020500,0,1205500,72000,743000,0,0,815000,0
2026-01-30,Vendredi 30,2924500,0,1410500,536000,978000,0,0,1514000,257000
2026-01-29,Jeudi 29,4127200,0,1857000,543200,1727000,0,0,2270200,1181382
2026-01-28,Mercredi 28,4752600,1272000,1736600,556000,1188000,0,0,1744000,1052700
2026-01-27,Mardi 27,3201200,0,2357200,100000,744000,0,0,844000,4320339
2026-01-26,Lundi 26,3122700,126000,1822700,599000,575000,0,0,1174000,1060000
2026-01-24,Samedi 24,2529000,333000,1044000,330000,822000,0,0,1152000,1550000
2026-01-23,Vendredi 23,3172500,0,1854000,337000,981500,0,0,1318500,1033890
2026-01-22,jeudi 22,3303830,0,2132900,254930,916000,0,0,1170930,1644560
2026-01-21,Mercredi 21,2540300,0,1898800,20000,621500,0,0,641500,2166456
2026-01-20,Mardi 20,3068522,0,1660100,885522,522900,0,0,1408422,95690
2026-01-19,Lundi 19,4636200,0,1602200,1212000,1822000,0,0,3034000,1632019
2026-01-17,Samedi 17,1789000,0,922000,0,867000,0,0,867000,750000
2026-01-16,Vendredi 16,2794800,0,1661600,100500,1032700,0,0,1133200,355000
2026-01-15,Jeudi 15,3027000,0,1908700,97700,1020600,0,0,1118300,240000
2026-01-14,Mercredi 14,2579400,0,1234900,88000,1256500,0,0,1344500,811305
2026-01-13,Mardi 13,3783569,1246600,1102969,515000,919000,0,0,1434000,109435
2026-01-12,Lundi 12,2795550,0,1440200,243500,1111850,0,0,1355350,1008000
2026-01-10,Samedi  10,3390900,-950000,1784900,1786000,770000,-950000,0,1606000,1053000
2026-01-09,Vendredi 9,3436200,0,2240200,0,1196000,0,0,1196000,312000
2026-01-08,Jeudi 8,3136800,0,1814000,536000,786800,0,0,1322800,763691
2026-01-07,Mercredi 7,3724000,0,1986500,666500,1071000,0,0,1737500,1050000
2026-01-06,Mardi 6,3389300,465000,1305000,455300,1164000,0,0,1619300,1256026
2026-01-05,Lundi 5,4880400,0,2545200,977000,1358200,0,0,2335200,766500
2026-01-03,Samedi 3,2388500,0,1372000,0,1016500,0,0,1016500,550000
2026-01-02,Vendredi 2,2339650,0,250550,606000,1483100,0,0,2089100,80210
2026-01-01,Jeudi 1,0,0,0,0,0,0,0,0,280000
2025-12-31,Mercredi 31,969000,0,546500,64000,358500,0,0,0,1125092
2025-12-30,Mardi 30,3188500,0,2300000,190500,698000,762300,0,1650800,773925
2025-12-29,Lundi 29,6145448,0,4085200,771248,1289000,0,0,2060248,528000
2025-12-27,Samedi 27,1901500,0,1123000,778500,0,0,0,778500,660000
2025-12-26,Vendredi 26,3997300,0,1975800,1493500,528000,-48000,0,1973500,1213196
2025-12-25,Jeudi 25,0,0,0,0,0,0,0,0,831172
2025-12-24,Mercredi 24,959300,0,528300,64000,367000,0,0,431000,2814585
2025-12-23,Mardi 23,3997400,1033000,1352400,0,1612000,0,0,1612000,260000
2025-12-22,Lundi 22,3094800,0,1899300,36000,1159500,0,0,1195500,250000
2025-12-20,Samedi 20,1929800,0,1255300,12000,662500,0,0,674500,1300000
2025-12-19,Vendredi 19,3496000,0,1403700,976000,1116300,0,0,2092300,667000
2025-12-18,Jeudi 18,2894900,0,1699900,312000,883000,0,0,1195000,109350
2025-12-17,Mercredi 17,3076259,0,1355000,340759,1380500,0,0,1721259,127100
2025-12-16,Mardi 16,1527196,0,176820,544876,805500,0,0,1350376,1403677
2025-12-15,Lundi 15,2530000,0,1651000,232000,647000,211488,-90000,1000488,764526
2025-12-13,Samedi 13,1877800,0,1477000,198500,202300,0,0,400800,435000
2025-12-12,Vendredi 12,3529700,245000,1635000,543000,1106700,0,0,1649700,357000
2025-12-11,Jeudi 11,3899800,0,1477800,956000,1466000,245000,0,2667000,1531952
2025-12-10,Mercredi 10,3642800,0,1606900,771500,1264400,1003000,0,3038900,503000
2025-12-09,Mardi 9,4897800,0,1973800,1297500,1626500,0,0,2924000,107500
2025-12-08,Lundi 8,0,0,0,0,0,0,0,0,501757
2025-12-06,Samedi 6,1864700,0,1523000,152000,189700,0,0,341700,811305
2025-12-05,Vendredi 5,3108000,0,889000,1462000,757000,0,0,2219000,1021473
2025-12-04,Jeudi 4,1357200,0,986700,0,370500,457000,0,827500,2350334
2025-12-03,Mercredi 3,2060272,0,1159100,142072,759100,0,0,901172,38640
2025-12-02,Mardi 2,2354000,0,1270000,81000,1003000,0,0,1084000,4172038
2025-12-01,Lundi 1,1505800,0,1234500,88000,183300,0,0,271300,2302327
2025-11-29,Samedi 29,1330500,0,613500,67000,650000,847000,0,1564000,275000
2025-11-28,Vendredi 28,2967100,0,2206500,69100,691500,0,0,760600,258000
2025-11-27,Jeudi 27,2768000,0,1529500,440000,798500,0,0,1238500,550000
2025-11-26,Mercredi  26,1658500,0,1044000,63000,551500,30000,0,644500,758300
2025-11-25,Mardi 25,4342432,0,2057900,1343032,941500,0,0,2284532,207000
2025-11-24,Lundi 24,0,0,0,0,0,0,0,0,212000
2025-11-22,Samedi 22,2178000,0,1090000,153000,935000,0,0,1088000,120000
2025-11-21,Vendredi 21,1542800,0,596400,177700,768700,0,0,946400,60000
2025-11-20,Jeudi 20,1567000,0,746500,276000,544500,334262,0,1154762,750000
2025-11-19,Mercredi 19,3724000,0,1836500,716500,1171000,0,0,1887500,509289
2025-11-18,Mardi 18,2143800,0,1207300,415000,521500,0,0,0,125000
2025-11-17,Lundi 17,3082500,0,1997700,608600,476200,0,0,1084800,2159369
2025-11-15,Samedi 15,1431400,0,818200,28000,585200,0,0,613200,100500
2025-11-14,Vendredi 14,2726700,0,1907900,446800,372000,25500,0,844300,125270
2025-11-13,Jeudi 13,1937300,0,1064900,434600,437800,0,0,872400,214320
2025-11-12,Mercredi 12,3169500,0,2113500,568000,488000,0,0,1056000,781829
2025-11-11,Mardi 11,2803100,300000,1322300,338000,842800,169000,0,1349800,120000
2025-11-10,Lundi 10,3306700,850000,1012200,479000,965500,0,0,1444500,556000
2025-11-08,Samedi 8,2061500,0,1409000,0,652500,0,0,652500,265000
2025-11-07,Vendredi 7,2404500,0,1404000,145000,855500,0,0,1000500,970000
2025-11-06,Jeudi 6,1670400,0,609000,420000,641400,276000,0,1337400,500000
2025-11-05,Mercredi 5,3238500,973000,1750000,333000,182500,0,736251,1251751,864056
2025-11-04,Mardi 4,2441500,0,1768500,133500,539500,0,0,673000,99000
2025-11-03,Lundi 3,3225200,1760000,980200,52000,433000,0,0,485000,825000
2025-10-31,Viernes 31,2120150,0,1536450,0,583700,225000,-554499,254201,480000
2025-10-30,Jueves 30,1720602,-554499,953600,727501,594000,574000,91646,1987147,50100
2025-10-30,Mardi 30,3229267,0,1910700,930067,388500,530000,762300,2610867,0
2025-10-29,Miércoles 29,3197995,628494,1115000,917501,537000,0,0,1454501,730000
2025-10-28,Martes 28,1028200,0,513200,56000,459000,87000,0,602000,31000
2025-10-27,Lunes 27,2048100,0,855000,278600,914500,423000,40000,1656100,630000
2025-10-27,Samedi 27,2030500,0,1271500,147000,612000,0,0,759000,1523961
2025-10-26,Vendredi 26,1881890,0,1030900,161040,689950,0,0,850990,1088000
2025-10-25,Sábado 25,1669800,0,965800,328500,375500,0,0,704000,287000
2025-10-25,Jeudi 25,2930000,440000,1484000,679500,326500,541422,0,1547422,870000
2025-10-24,Viernes 24,2779100,0,1185800,586200,1007100,0,0,1593300,107000
2025-10-24,Mercredi 24,1824740,113740,1023000,64000,624000,0,0,688000,140500
2025-10-23,Jueves 23,1796000,0,884800,484200,427000,0,0,911200,500000
2025-10-23,Jueves 23,2759500,0,1234000,901000,624500,0,0,1525500,805860
2025-10-23,Mardi 23,1270800,0,849500,265200,156100,52000,0,473300,628948
2025-10-22,Miércoles 22,2202400,0,988400,468000,746000,0,0,1214000,1724068
2025-10-22,Lundi 22,3455959,0,1237000,1576459,642500,0,0,2218959,501726
2025-10-21,Martes 21,5964921,3750121,1241500,211000,762300,0,0,973300,1055000
2025-10-20,Lunes 20,2440379,0,1385000,361979,693400,3750000,0,4805379,1605119
2025-10-20,Samedi 20,1387500,0,717000,0,670500,0,0,670500,610000
2025-10-19,Vendredi 19,2262500,0,1343100,498400,421000,0,0,919400,376000
2025-10-18,Sábado 18,4378100,0,3807600,0,570500,0,0,570500,600000
2025-10-18,Jeudi 18,2342700,0,1067100,525000,750600,0,0,1275600,607000
2025-10-17,Viernes 17,2793300,0,1680800,642000,470500,0,0,0,745000
2025-10-17,Mercredi 17,1345400,0,743400,108000,494000,0,0,602000,86000
2025-10-16,Jueves 16,2126700,0,1026200,479000,621500,694994,0,1795494,65460
2025-10-16,Mardi 16,1413750,0,610550,352000,451200,0,0,803200,61500
2025-10-15,Miércoles 15,2483500,0,1535300,452000,496200,0,0,948200,1105335
2025-10-15,Lundi 15,0,0,0,0,0,0,0,0,1057000
2025-10-14,Martes 14,3418427,0,2275727,729700,413000,0,0,1142700,727633
2025-10-13,Lunes 13,2885500,0,2309700,62000,513800,0,0,575800,317000
2025-10-13,Samedi 13,1060800,0,580300,162400,318100,0,0,480500,329081
2025-10-12,Vendredi 12,1218000,0,645100,164000,408900,0,28000,600900,1147664
2025-10-11,Sábado 11,1408500,0,653000,396000,359500,0,0,755500,1256552
2025-10-11,Jeudi 11,1440900,0,666900,285100,488900,113740,0,887740,288680
2025-10-10,Viernes 10,0,0,0,0,0,0,0,0,3046368
2025-10-10,Mercredi 10,1857600,0,1054200,355200,448200,0,0,803400,1246635
2025-10-09,Jueves 9,2249000,0,1307500,79000,862500,0,0,941500,2009000
2025-10-09,Mardi 9,1342200,0,718000,253700,370500,0,0,624200,526350
2025-10-08,Miércoles 8,3404736,0,954600,1917536,532600,0,0,2450136,380000
2025-10-08,Lundi 8,1347000,0,780500,283000,283500,0,0,566500,62000
2025-10-07,Martes 7,2312400,0,1464500,363800,484100,0,0,847900,970000
2025-10-06,Lunes 6,2305299,0,954800,617499,733000,0,0,1350499,230000
2025-10-06,Samedi 6,1258200,0,866200,70000,322000,0,0,392000,155000
2025-10-05,Vendredi 5,1020700,0,486300,62000,472400,0,0,534400,0
2025-10-04,Sábado 4,1587500,0,1008000,48000,531500,0,0,579500,414000
2025-10-04,Jeudi 4,1117010,0,392000,55000,670010,0,0,725010,1088000
2025-10-03,Viernes 3,2774600,34000,1224900,504200,1011500,0,0,1515700,1523961
2025-10-03,Mercredi 3,1467900,0,603800,400100,464000,0,0,864100,0
2025-10-02,Mardi 2,1086500,33000,512800,267800,272900,0,0,540700,1088000
2025-10-01,Miercoles 1,2278300,0,1133000,270500,874800,0,0,1145300,1256552
2025-10-01,Lundi 1,2156100,0,1414100,400500,341500,0,0,742000,0
2025-09-30,Samedi 30,1074300,0,724300,233500,116500,0,0,350000,0
2025-09-29,Vendredi 29,1414900,0,600600,330500,483800,0,0,814300,0
2025-09-28,Jeudi 28,628700,0,260000,199700,169000,0,30000,398700,0
2025-09-27,Mercredi 27,1264628,135678,544750,288200,296000,0,0,584200,0
2025-09-26,Mardi 26,1400900,0,1104600,0,296300,0,0,296300,0
2025-09-25,Lundi 25,956800,0,661500,156800,138500,33000,0,328300,0
2025-09-23,Samedi 23,793500,0,505000,30000,258500,0,0,288500,0
2025-09-22,Vendredi 22,1115200,0,611000,122400,381800,0,0,504200,480000
2025-09-21,Jeudi 21,2083500,0,1318500,403000,362000,0,0,765000,37300
2025-09-20,Mercredi 20,1045300,0,737000,245900,62400,0,0,308300,582659
2025-09-19,Mardi 19,2175551,0,1041200,1092351,42000,0,0,1134351,326000
2025-09-18,Lundi 18,2481580,95315,1809265,553000,24000,130824,0,707824,82000
2025-09-16,Samedi 16,356400,0,256000,0,100400,0,0,100400,385000
2025-09-15,Vendredi 15,791100,0,607500,0,183600,0,0,183600,456170
2025-09-14,Jeudi 14,878000,0,270500,403900,203600,0,0,607500,407154
2025-09-13,Mercredi 13,1095100,0,354600,194200,546300,0,0,740500,0
2025-09-12,Mardi 12,1371000,0,1371000,0,0,0,129470,129470,298386
2025-09-11,Lundi 11,3669035,1661935,1182000,0,825100,0,154275,979375,80000
2025-09-09,Samedi 9,940100,0,505100,200000,235000,0,0,435000,550000
2025-09-08,Vendredi 8,923600,0,736400,0,187200,0,0,187200,450000
2025-09-07,Jeudi 7,849100,0,352500,198600,298000,0,0,496600,810000
2025-09-06,Mercredi 6,1407400,0,797200,82000,528200,165000,0,775200,868300
2025-09-05,Mardi 5,1026100,0,771800,51300,203000,0,0,254300,3200000
2025-09-04,Lundi 4,955100,0,625100,146000,184000,411750,0,741750,783880
2025-09-02,Samedi  2,670500,0,344500,318000,8000,0,0,326000,521655
2025-09-01,Vendredi 1,463400,0,247100,216300,0,0,0,216300,249766.3
2025-08-30,Samedi 30,1074300,0,724300,233500,116500,0,0,350000,0
2025-08-29,Vendredi 29,1414900,0,600600,330500,483800,0,0,814300,0
2025-08-28,Jeudi 28,628700,0,260000,199700,169000,0,30000,398700,0
2025-08-27,Mercredi 27,1264628,135678,544750,288200,296000,0,0,584200,0
2025-08-26,Mardi 26,1400900,0,1104600,0,296300,0,0,296300,0
2025-08-25,Lundi 25,956800,0,661500,156800,138500,33000,0,328300,0
2025-08-23,Samedi 23,793500,0,505000,30000,258500,0,0,288500,720000
2025-08-22,Vendredi 22,1115200,0,611000,122400,381800,0,0,504200,480000
2025-08-21,Jeudi 21,2083500,0,1318500,403000,362000,0,0,765000,37300
2025-08-20,Mercredi 20,1045300,0,737000,245900,62400,0,0,308300,582659
2025-08-19,Mardi 19,2175551,0,1041200,1092351,42000,0,0,1134351,326000
2025-08-18,Lundi 18,2481580,95315,1809265,553000,24000,130824,0,707824,82000
2025-08-16,Samedi 16,356400,0,256000,0,100400,0,0,100400,385000
2025-08-15,Vendredi 15,791100,0,607500,0,183600,0,0,183600,456170
2025-08-14,Jeudi 14,878000,0,270500,403900,203600,0,0,607500,407154
2025-08-13,Mercredi 13,1095100,0,354600,194200,546300,0,0,740500,0
2025-08-12,Mardi 12,1371000,0,1371000,0,0,0,129470,129470,298386
2025-08-11,Lundi 11,3669035,1661935,1182000,0,825100,0,154275,979375,80000
2025-08-09,Samedi 9,940100,0,505100,200000,235000,0,0,435000,550000
2025-08-08,Vendredi 8,923600,0,736400,0,187200,0,0,187200,450000
2025-08-07,Jeudi 7,849100,0,352500,198600,298000,0,0,496600,810000
2025-08-06,Mercredi 6,1407400,0,797200,82000,528200,165000,0,775200,868300
2025-08-05,Mardi 5,1026100,0,771800,51300,203000,0,0,254300,3200000
2025-08-04,Lundi 4,955100,0,625100,146000,184000,411750,0,741750,783880
2025-08-02,Samedi  2,670500,0,344500,318000,8000,0,0,326000,521655
2025-08-01,Vendredi 1,463400,0,247100,216300,0,0,0,216300,249766.3
2025-07-31,Jeudi 31,884200,0,616700,139000,128500,808885,0,0,0
2025-07-30,Mercredi 30,1269300,0,426100,665700,177500,0,0,843200,0
2025-07-29,Mardi 29,345500,0,247500,98000,0,0,0,98000,0
2025-07-28,Lundi 28,879000,0,346100,200000,332900,0,0,532900,0
2025-07-26,Samedi 26,512200,0,391200,14000,107000,0,0,121000,0
2025-07-25,Vendredi 25,829500,0,585000,151700,92800,0,0,244500,0
2025-07-24,Jeudi 24,1131400,0,429400,406000,296000,0,0,702000,0
2025-07-23,Mercredi 23,330200,0,262400,67800,0,38478,0,106278,0
2025-07-22,Mardi 22,1068300,0,385000,320500,362800,0,0,683300,0
2025-07-21,Lundi 21,575900,0,353900,18000,204000,0,0,222000,0
2025-07-19,Samedi 19,1172000,0,733600,257800,180600,0,0,438400,0
2025-07-18,Vendredi 18,690000,0,605000,20000,65000,0,0,85000,0
2025-07-17,Jeudi 17,504600,0,267300,45400,191900,0,0,237300,0
2025-07-16,Mercredi 16,388600,0,267600,121000,0,0,0,121000,100610
2025-07-15,Mardi 15,592100,0,425600,10000,156500,0,0,166500,764831
2025-07-14,Lundi 14,602500,0,602500,0,0,0,0,0,243200
2025-07-12,Samedi 12,529000,0,167500,110000,251500,0,0,361500,210758
2025-07-11,Vendredi 11,761100,0,253500,42500,465100,0,0,507600,41700
2025-07-10,Jeudi 10,501500,0,384500,10000,107000,0,0,117000,1230830
2025-07-09,Mercredi 9,0,0,0,0,0,0,0,0,331000
2025-07-08,Mardi 8,1004500,0,870000,34000,100500,0,0,134500,778635
2025-07-07,Lundi 7,2830003,1491403,766800,351000,220800,0,0,571800,740000
2025-07-06,Samedi  6,1216301,0,980800,235501,0,0,0,235501,74000
2025-07-05,Vendredi 5,642200,144000,350500,84200,63500,0,0,147700,105166
2025-07-04,Jeudi  4,698800,0,527500,0,171300,0,0,171300,100000
2025-07-03,Mercredi 3,669400,0,355600,6000,307800,0,0,313800,35820
2025-07-02,Mardi 2,654000,0,193500,460500,0,0,0,460500,24259
2025-06-30,Lundi 30,649400,0,236000,103400,310000,1123050,0,1536450,0
2025-06-28,Samedi 28,470400,0,287400,105000,78000,198000,0,381000,0
2025-06-27,Vendredi 27,5197300,1419800,122800,518300,3136400,-3013400,98250,739550,0
2025-06-26,Jeudi 26,401700,0,248200,15000,138500,0,0,153500,0
2025-06-25,Mercredi 25,681000,0,197500,432500,51000,0,0,483500,0
2025-06-24,Mardi 24,1142200,0,896700,124000,121500,0,0,245500,0
2025-06-23,Lundi 23,951500,0,818000,0,133500,0,0,133500,0
2025-06-21,Samedi 21,1437000,0,1317700,9500,109800,0,0,119300,0
2025-06-19,Jeudi 19,1287500,0,1032500,0,255000,0,0,255000,0
2025-06-18,Mercredi 18,1475700,0,940500,366800,168400,0,0,535200,0
2025-06-16,Lundi 16,0,0,0,0,0,0,0,0,287017
2025-06-14,Samedi 14,728900,0,491400,21000,216500,0,0,237500,250000
2025-06-13,Vendredi 13,1329101,289901,552500,125500,361200,0,0,486700,53780
2025-06-12,Jeudi 12,267850,0,207850,46000,14000,0,0,60000,38610
2025-06-11,Mercredi 11,782060,0,411100,0,370960,0,0,370960,600000
2025-06-10,Mardi 10,573000,0,382600,18000,172400,0,32500,222900,46004
2025-06-09,Lundi 9,434500,0,286500,24000,124000,162400,0,310400,537812
2025-06-07,Samedi  7,223200,0,0,0,223200,0,0,223200,222350
2025-06-06,Vendredi 6,1094300,182600,375900,300000,235800,0,0,535800,1324000
2025-06-05,Jeudi 5,1110700,0,438700,400000,272000,30000,0,702000,500000
2025-06-04,Mercredi 4,565900,0,291100,37000,237800,0,0,274800,705000
2025-06-03,Mardi 3,551300,0,221800,83000,246500,0,0,329500,580551
2025-06-02,Lundi 2,426500,0,318500,78000,30000,0,0,108000,386812
2025-05-31,Samedi 31,738900,0,358900,183000,197000,0,0,380000,0
2025-05-30,Vendredi 30,1251000,0,736700,291400,222900,0,0,514300,0
2025-05-29,Jeudi 29,843000,0,687500,35000,120500,252000,0,407500,0
2025-05-28,Mercredi 28,681000,0,315000,44000,322000,0,0,366000,0
2025-05-27,Mardi 27,1207500,0,643000,442000,122500,127501,0,692001,0
2025-05-26,Lundi 26,1397200,0,714100,315500,367600,0,0,683100,0
2025-05-24,Samedi 24,556700,0,556700,0,0,0,0,0,425000
2025-05-23,Vendredi 23,1231400,0,817200,208200,206000,530900,0,945100,1093830
2025-05-21,Mercredi 21,896200,0,543200,27000,326000,0,0,353000,2159888
2025-05-20,Mardi 20,1502250,0,941250,297000,264000,0,0,561000,41100
2025-05-19,Lundi 19,975000,0,639500,146500,189000,0,0,335500,107671
2025-05-17,Samedi 17,639500,0,401500,35000,203000,0,0,238000,350000
2025-05-16,Vendredi 16,1285284,0,537800,466484,281000,0,0,747484,1206857
2025-05-15,Jeudi 15,1439200,0,872700,331500,235000,0,0,566500,301700
2025-05-14,Mercredi 14,1104900,0,648300,237500,219100,106722,0,563322,164000
2025-05-13,Mardi 13,783500,0,417000,33000,333500,0,0,366500,1013390
2025-05-12,Lundi 12,1060200,0,520800,238900,300500,0,0,539400,68000
2025-05-10,Samedi  10,1024000,0,714000,0,310000,0,0,310000,750000
2025-05-09,Vendredi 9,2043202,264902,907400,500600,370300,0,0,870900,525000
2025-05-08,Jeudi 8,1619300,0,1295800,227500,96000,0,0,323500,700000
2025-05-07,Mercredi 7,826240,155440,418200,20000,232600,312665,71000,636265,2270000
2025-05-06,Mardi 6,8588958,6875908,981600,372450,359000,6903658,0,7635108,1921716
2025-05-05,Lundi 5,1133600,0,511500,102600,519500,0,0,622100,997000
2025-05-03,Samedi 3,729200,0,359400,129500,240300,0,0,369800,2034361
2025-05-02,Vendredi 2,1363000,0,339000,674500,349500,0,0,1024000,420784
2025-04-30,Mercredi 30,932900,0,538900,13700,380300,102850,0,496850,0
2025-04-29,Mardi 29,1257800,678000,831100,339000,87700,0,0,426700,0
2025-04-28,Lundi 28,1079200,0,716200,0,363000,240086,0,603086,0
2025-04-26,Samedi 26,838600,0,509000,0,329600,0,0,329600,0
2025-04-25,Vendredi 25,1513200,264000,638700,46500,564000,332000,11000,953500,76000
2025-04-24,Jeudi 24,5256342,2937342,2016000,115500,187500,642000,0,945000,0
2025-04-23,Mercredi 23,1456900,0,387000,35000,1034900,0,0,1069900,2559000
2025-04-22,Mardi 22,1163800,93500,554500,131700,384100,0,0,515800,47820
2025-04-21,Lundi 21,2758400,0,984600,1486800,287000,0,0,1773800,106618
2025-04-19,Samedi 19,516900,233000,0,283900,0,0,0,283900,47520
2025-04-18,Vendredi 18,0,0,0,0,0,0,0,0,60000
2025-04-17,Jeudi 17,1849770,145700,963100,176770,564200,0,0,740970,715836
2025-04-16,Mercredi 16,1439000,0,938500,74000,426500,0,0,500500,785337
2025-04-15,Mardi 15,1886200,147000,1240500,173000,325700,0,0,498700,86200
2025-04-14,Lundi 14,983500,-1440023,656500,1633523,133500,0,0,1767023,156846
2025-04-13,Samedi 13,1060500,0,741500,195000,124000,0,0,319000,38521
2025-04-12,Vendredi 12,2234400,770400,1019000,262000,183000,0,0,445000,1157220
2025-04-11,Jeudi 11,3061450,0,2324400,124000,613050,0,0,737050,58000
2025-04-10,Mercredi 10,1348100,0,475800,51300,821000,8200,0,880500,328350
2025-04-09,Mardi 9,4312742,0,686200,3102542,524000,0,0,3626542,125830
2025-04-07,Lundi 7,1759600,0,1337100,0,422500,0,0,422500,300000
2025-04-05,Samedi 5,858200,0,604500,90700,163000,0,0,253700,174650
2025-04-04,Vendredi 4,1408401,0,1094500,20200,293701,238800,0,552701,340131
2025-04-03,Jeudi 3,1367900,0,819000,142800,406100,0,0,548900,975901
2025-04-02,Mercredi 2,0,0,0,0,0,0,0,0,1262810
2025-04-01,Mardi 1,975500,0,390700,245000,339800,0,0,584800,355000
2025-03-31,Lundi 31,1668258,477158,919100,80000,192000,0,532400,804400,0
2025-03-29,Samedi 29,1786300,0,1098300,211000,477000,0,0,477000,0
2025-03-27,Jeudi 27,2230900,676600,1070800,208000,275500,0,0,483500,0
2025-03-26,Mercredi  26,1755140,35350,556500,650790,512500,314600,0,1477890,0
2025-03-25,Mardi 25,1402400,0,953200,273200,176000,1697800,135600,2282600,0
2025-03-22,Samedi 22,643400,0,318200,30000,295200,0,0,325200,380000
2025-03-21,Vendredi 21,2903700,0,1476600,573200,853900,0,0,1427100,163000
2025-03-20,Jueves 20,1556400,0,991400,404500,160500,0,0,565000,817000
2025-03-19,Mercredi 19,1179000,0,563800,221700,393500,0,0,615200,705309
2025-03-18,Mardi 18,2373802,116402,1184900,436500,636000,0,0,1072500,124030
2025-03-17,Lundi 17,1176200,0,761700,39000,375500,0,0,414500,102705
2025-03-15,Samedi 15,1166800,0,619100,30000,517700,0,0,547700,284014
2025-03-14,Vendredi 14,1368720,0,1012100,127200,229420,0,0,356620,351166
2025-03-13,Jeudi 13,1108928,0,510800,532128,66000,0,0,598128,1424613
2025-03-12,Mercredi 12,1843800,0,1147000,321500,375300,0,0,696800,300000
2025-03-11,Mardi 11,1243000,0,845900,37000,360100,0,0,397100,1065359
2025-03-10,Lundi 10,1975600,0,1198100,440000,337500,676600,0,1454100,713627
2025-03-08,Samedi 8,831500,0,595000,0,236500,0,0,236500,117320
2025-03-07,Vendredi 7,1975100,0,1240600,184000,550500,0,567974,1302474,250000
2025-03-06,Jeudi 6,1300000,0,518200,332200,449600,0,235750,1017550,681365
2025-03-05,Mercredi 5,1906800,0,1358400,51000,497400,187000,90000,825400,70000
2025-03-04,Mardi 4,0,0,0,0,0,0,0,0,145000
2025-03-03,Lundi 3,0,0,0,0,0,0,0,0,1207000
2025-03-01,Samedi 1,1609450,0,803300,399150,407000,0,0,806150,217000
2025-02-28,Vendredi 28,1745807,116402,418300,690005,521100,0,0,1211105,0
2025-02-27,Jeudi 27,1996200,0,1232700,82500,681000,35350,0,798850,0
2025-02-26,Mercredi  26,1530500,546500,524500,207500,252000,0,0,459500,0
2025-02-25,Mardi 25,1510500,0,918300,236200,356000,0,130000,722200,0
2025-02-24,Lundi 24,2937600,1162750,861500,590350,323000,1162750,0,2076100,0
2025-02-22,Samedi 22,2831800,0,908000,1295000,628800,0,0,1923800,351166
2025-02-21,Vendredi 21,2104400,0,1044500,431800,628100,0,0,1059900,568216
2025-02-19,Mercredi 19,1673700,0,1184500,312900,176300,0,0,489200,1643192
2025-02-18,Mardi 18,992070,0,678500,62670,250900,0,0,313570,105500
2025-02-17,Lundi 17,1914200,228000,1069200,283000,334000,0,0,617000,815424
2025-02-15,Samedi 15,1062100,0,753000,0,309100,0,0,309100,1451735
2025-02-14,Vendredi 14,1851300,0,797500,680800,373000,0,0,1053800,600000
2025-02-13,Jeudi 13,1483300,0,874600,46000,562700,0,0,608700,1984223
2025-02-12,Mercredi 12,1999300,0,908200,437100,654000,0,0,1091100,729630
2025-02-11,Mardi 11,2206200,113800,1383200,136300,572900,0,0,709200,0
2025-02-10,Lundi 10,2085600,0,1230400,187000,668200,0,0,855200,598950
2025-02-08,Samedi 8,1635800,0,932500,348000,355300,0,0,703300,2000000
2025-02-07,Vendredi 7,2181800,0,1605300,85000,491500,0,235750,812250,1432210
2025-02-06,Jeudi 6,1591800,0,958200,65000,568600,0,0,633600,290000
2025-02-05,Mercredi 5,2084150,0,1157200,304950,622000,0,0,926950,600000
2025-02-04,Mardi 4,2795000,0,814500,1167800,812700,0,0,1980500,1428887
2025-02-03,Lundi 3,3091857,0,1330000,1202300,559557,0,0,1761857,385000
2025-02-01,Samedi 1,1303000,0,772500,182000,348500,0,0,530500,100000
2025-01-31,Vendredi 31,1681595,0,1053095,207500,421000,0,0,628500,715081
2025-01-30,Jeudi 30,2185900,0,745100,1301000,139800,0,0,1440800,317262
2025-01-29,Mercredi 29,1411400,0,680900,237000,493500,0,0,730500,120000
2025-01-28,Mardi 28,2557500,0,1959000,246500,352000,0,0,598500,3147239
2025-01-27,Lundi 27,2721800,143000,1365900,670900,542000,0,0,1212900,345877
2025-01-25,Samedi 25 ,1380500,0,749200,292800,338500,210000,0,841300,150000
2025-01-24,Vendredi 24,2282670,0,1523900,10000,748770,0,0,758770,384442
2025-01-23,Jeudi 23,2791500,727500,876400,900600,287000,0,0,1187600,105000
2025-01-22,Mercredi 22,2732800,206000,1137300,402000,987500,41900,0,1431400,346302
2025-01-21,Mardi 21,1415500,0,839600,0,575900,32197,0,608097,840000
2025-01-20,Lundi 20,2683300,0,1493400,289000,900900,108200,0,1298100,90000
2025-01-18,Samedi 18,1821500,0,928500,225800,667200,687500,0,1580500,1849373
2025-01-17,Vendredi 17,2199700,0,989900,159100,1050700,0,0,1209800,0
2025-01-16,Jeudi 16,3408000,0,1241000,1855000,312000,0,0,2167000,1336593
2025-01-15,Mercredi 15,3008450,0,1371600,704800,932050,0,0,1636850,745000
2025-01-14,Mardi 14,1414900,0,908100,97800,409000,0,0,506800,256411
2025-01-13,Lundi 13,3880100,0,1734000,1506300,639800,-1227050,0,919050,790000
2025-01-11,Samedi 11,1611700,0,837700,162000,612000,0,0,774000,1324172
2025-01-10,Vendredi 10,1750099,0,871900,316699,561500,0,0,878199,945000
2025-01-09,Jeudi 9,2056200,0,1074000,228000,754200,0,421080,1403280,553000
2025-01-08,Mercredi 8,2305950,0,1124900,372700,808350,491550,235750,1908350,361796
2025-01-07,Mardi 7,2720100,0,1987300,167000,565800,0,0,732800,400000
2025-01-06,Lundi 6,2568800,0,1315000,688800,565000,0,0,1253800,77000
2025-01-04,Samedi 4,1392800,0,942400,166000,284400,0,0,450400,316000
2025-01-03,Vendredi 3,1795700,0,899700,328000,568000,0,0,896000,543679
2025-01-02,Jeudi 2,3925449,1162749,1669000,489500,604200,0,0,1093700,637505
2024-12-31,Mardi 31,501500,0,393500,0,108000,0,0,108000,116700
2024-12-30,Lundi 30,2757800,0,1756000,265000,736800,1162749,0,2164549,40000
2024-12-28,Samedi 28,1235300,0,566000,55800,613500,0,0,669300,1382201
2024-12-25,Jeudi 25,2642390,0,1385500,785940,470950,0,0,1256890,565000
2024-12-24,Mardi 24,685300,0,306000,174000,205300,0,0,379300,1845831
2024-12-23,Lundi 23,2682651,0,1575800,510000,596851,0,0,1106851,364000
2024-12-21,Samedi 21,1520000,0,633800,198400,687800,0,0,886200,1250000
2024-12-20,Vendredi 20,3834700,0,3088500,200000,546200,0,205000,951200,1248739
2024-12-19,Jeudi 19,1838300,0,891900,81500,864900,0,1769000,2715400,2637530
2024-12-18,Mercredi 18,2123000,0,1368800,353800,400400,0,0,754200,215000
2024-12-17,Mardi 17,2035400,0,1349300,265500,420600,0,0,686100,2753764
2024-12-16,Lundi 16,3818920,0,1961400,1158620,698900,2562500,0,4420020,1307020
2024-12-14,Samedi 14,1106500,0,556500,199000,351000,0,0,550000,308100
2024-12-13,Vendredi 13,2725500,0,1648500,389500,687500,0,0,1077000,88830
2024-12-12,Jeudi 12,3122100,0,1618800,793000,710300,0,0,1503300,1874144
2024-12-11,Mercredi 11,1865700,0,895200,360000,610500,0,315568,1286068,1410193
2024-12-10,Mardi 10,1744300,0,1058100,198200,488000,0,0,686200,420250
2024-12-09,Lundi 9 ,1684500,0,968500,224000,492000,0,0,716000,950000
2024-12-07,Samedi 7,1189400,0,769900,24000,395500,0,0,419500,62320
2024-12-06,Vendredi 6,2783600,0,1802000,408000,573600,164560,0,1146160,113390
2024-12-05,Jeudi 5,2302800,0,1254300,447200,601300,0,0,1048500,3045660
2024-12-04,Mercredi 4,2301280,0,1165500,497680,638100,0,0,1135780,422000
2024-12-03,Mardi 3,1493300,0,655700,98000,739600,0,0,837600,198000
2024-12-02,lundi 2,2321701,0,1052700,285500,983501,0,0,1269001,692735
2024-11-30,Samedi 30,1240600,0,600100,640500,0,0,0,640500,0
2024-11-29,Vendredi 29,3371300,0,1849000,1121000,401300,0,0,1522300,680362
2024-11-28,Jeudi 28,2261700,0,1270400,163000,828300,0,0,991300,585000
2024-11-27,Mercredi 27,1806000,0,670800,580000,555200,0,31000,1166200,340000
2024-11-26,Mardi 26,2073400,0,737300,424000,912100,0,0,1336100,129239
2024-11-25,lundi 25,2364350,0,1169650,322600,872100,0,0,1194700,0
2024-11-23,Samedi 23,1973900,0,1626400,347500,0,0,0,347500,0
2024-11-22,Vendredi 22,2319300,0,1726800,43000,549500,0,0,592500,300000
2024-11-21,Jeudi 21,2556000,0,1653700,273600,628700,0,0,902300,790000
2024-11-20,Mercredi 20,1342100,0,739900,167200,435000,0,0,602200,74840
2024-11-19,Martes 19,3021700,0,1263200,961500,797000,260198,0,2018698,231000
2024-11-16,Samedi 16,1770500,0,1125000,99000,546500,0,0,645500,161390
2024-11-15,Vendredi 15,2391095,576000,1197400,392895,224800,549300,0,1166995,1098093
2024-11-14,Jeudi 14,1697100,0,653200,371200,672700,30000,0,1073900,590000
2024-11-13,Mercredi 13,2903600,0,1975900,174200,753500,0,12000,939700,37200
2024-11-12,Mardi 12,1747000,0,317400,831600,598000,576000,0,2005600,1587435
2024-11-11,Lundi 11,1568200,0,1025100,294000,249100,0,205000,748100,270000
2024-11-09,Samedi 9,1785400,0,1006400,261000,518000,0,52300,831300,91045
2024-11-08,Vendredi 8,1707700,0,1097400,142000,468300,0,0,610300,678992
2024-11-07,Jeudi 7,1332400,0,578800,249900,503700,0,0,753600,77000
2024-11-06,Mercredi 6,2043399,10000,670200,815699,547500,0,0,1363199,723053
2024-11-05,Mardi 5,1950080,0,711300,819980,418800,0,0,1238780,90000
2024-11-04,Lundi 4,1645250,232650,621100,365000,426500,0,0,791500,1969500
2024-11-02,Samedi 2,866700,0,451700,112000,303000,0,0,415000,1101331
2024-11-01,Vendredi 1,1641300,0,1090600,199700,351000,0,36400,587100,1102416
2024-10-31,Jeudi 31,1651100,0,627400,199000,824700,330118,0,1353818,723053
2024-10-30,Mercredi 30,1250500,0,855900,91200,303400,115000,0,509600,1440340
2024-10-29,Mardi 29,1476200,0,913800,147000,415400,0,0,562400,468270
2024-10-28,Lundi 28,2115550,0,1207050,431000,477500,0,0,908500,210000
2024-10-27,Samedi 27,1684700,0,1169300,249100,266300,0,0,515400,265129
2024-10-26,Vendredi 26,2338700,0,1582600,264800,491300,0,0,756100,157000
2024-10-25,Jeudi 25,1711650,0,738300,269000,704350,18000,0,991350,733260
2024-10-23,Mercredi 23,4992500,0,1237700,1150300,2604500,0,0,3754800,236000
2024-10-22,Mardi 22,2275000,0,1475100,473300,326600,1275000,0,2074900,366000
2024-10-20,Lundi 20,1829300,138000,930000,447400,313900,0,0,761300,134000
2024-10-19,Samedi 19,1101398,0,735100,171298,195000,0,0,366298,610000
2024-10-18,Vendredi 18,1814100,0,788100,509100,516900,0,0,1026000,136000
2024-10-17,Jeudi 17,1029900,0,579700,83300,366900,101699,0,551899,1110000
2024-10-16,Mercredi 16,1613300,0,891900,341000,380400,0,0,721400,45084
2024-10-15,Mardi 15,1548190,0,839500,165000,543690,0,50000,758690,375700
2024-10-14,Lundi 14,1006700,0,704700,34000,268000,0,0,302000,363000
2024-10-12,Samedi 12,1063300,0,832300,0,231000,0,0,231000,540507
2024-10-11,Vendredi 11,1150100,0,839300,0,310800,0,0,310800,22010
2024-10-10,Jeudi 10,1410501,0,924100,78401,408000,0,0,0,638735
2024-10-09,Mercredi 9,1214700,0,315000,376100,523600,0,0,899700,2221041
2024-10-08,Mardi 8,1228740,163000,677600,144440,243700,472200,0,860340,240000
2024-10-07,Lundi 7,1471300,0,1050900,186300,234100,0,0,420400,153600
2024-10-05,Samedi 5,1259300,0,637500,26000,595800,0,0,621800,116000
2024-10-04,Vendredi 4,1215500,0,613500,256000,346000,0,0,602000,633406
2024-10-03,Jeudi 3,1780350,336450,602300,332900,508700,48000,0,889600,49140
2024-10-02,Mercredi 2,1690200,0,1060300,86400,543500,570400,399308,1599608,310000
2024-10-01,Mardi 1,3414000,32000,1894150,910650,577200,184000,1438020,3109870,95720
2024-09-30,Vendredi 30,577200,0,506900,0,70300,0,0,70300,52080
2024-09-29,Jeudi 29,802758,0,348800,319758,134200,0,0,453958,160000
2024-09-28,Samedi 28,934700,0,540700,105400,288600,454150,0,848150,0
2024-09-28,Mercredi 28,724800,0,463800,186000,75000,0,0,261000,482328
2024-09-27,Vendredi 27,1513800,0,623000,246500,644300,0,0,890800,0
2024-09-27,Mardi 27,2453800,1350000,679200,0,424600,1725000,0,2149600,103010
2024-09-26,Jeudi 26,933400,0,461200,354500,117700,0,0,472200,2281292
2024-09-26,Lundi 26,771020,0,700620,0,70400,0,0,70400,260160
2024-09-25,Mercredi 25,1599400,0,1043500,228000,327900,0,0,555900,35250
2024-09-24,Mardi 24,1653200,0,953800,158700,540700,0,0,699400,155000
2024-09-24,Samedi 24,390000,0,243500,0,146500,0,0,146500,350000
2024-09-23,Lundi 23,2554400,0,692200,1366000,496200,152450,0,2014650,183000
2024-09-23,Vendredi 23,328200,0,160400,94800,73000,0,0,167800,13644000
2024-09-22,Jeudi 22,716350,0,354650,13000,348700,0,0,361700,290000
2024-09-21,Samedi 21,960900,0,478500,126500,355900,0,0,482400,153350
2024-09-21,Mercredi 21,1180587,0,902300,121300,156987,0,0,278287,1497907
2024-09-20,Mardi 20,473500,0,278300,89000,106200,0,0,195200,165000
2024-09-19,Jeudi 19,866700,0,425600,67900,373200,0,0,441100,716844
2024-09-19,Lundi 19,1036900,300900,416300,230800,88900,0,0,319700,337782
2024-09-18,Mercredi 18,1509800,0,1189400,54500,265900,0,0,320400,360150
2024-09-17,Mardi 17,3145100,0,1324800,1133000,687300,32000,0,1852300,478010
2024-09-16,Lundi 16,1260300,0,641800,462500,156000,0,0,618500,2288850
2024-09-16,Vendredi 16,744400,0,474900,79000,190500,0,0,269500,359136
2024-09-14,Samedi 14,595300,43500,471800,18000,62000,0,0,80000,545278
2024-09-14,Miércoles 14,1557200,0,1290200,141600,125400,0,0,267000,460000
2024-09-13,Vendredi 13,1151460,251560,682900,59000,158000,251560,0,468560,475000
2024-09-13,Mardi 13,740208,0,204500,328000,207708,0,0,535708,375075
2024-09-12,Jeudi 12,1226400,52900,677500,411300,84700,91770,0,587770,1100000
2024-09-12,Lundi 12,916800,0,801900,30000,84900,0,0,114900,178460
2024-09-11,Mercredi 11,1386000,0,997000,202600,186400,43500,0,432500,233000
2024-09-10,Mardi 10,1435800,0,1216500,63800,155500,0,0,219300,171413
2024-09-10,Sábado10,849800,0,491000,67400,291400,0,0,358800,42010
2024-09-09,Lundi 9,1410200,0,626700,278200,505300,0,0,783500,1043953
2024-09-09,Viernes 9,1626600,0,1191400,344000,91200,86000,0,521200,41930
2024-09-08,Jueves 8,329800,0,242900,0,86900,185060,0,271960,100000
2024-09-07,Samedi 7,820000,0,441600,71000,307400,0,0,378400,0
2024-09-07,Miércoles 7,1085500,0,792100,125900,167500,0,0,293400,76785
2024-09-06,Vendredi 6,2459500,0,656600,180200,1622700,0,0,1802900,425000
2024-09-06,Martes 6,361550,0,232200,0,129350,1500006,0,1629356,300000
2024-09-05,Jeudi 5,1674730,473830,703700,186800,310400,1211422,205000,1913622,600000
2024-09-05,Lunes 5,18854498,0,323300,18198398,332800,0,0,18531198,350000
2024-09-04,Mercredi 4,738758,378058,174100,71600,115000,0,0,186600,200000
2024-09-03,Mardi 3 ,1553524,861454,128000,311770,252300,0,0,564070,702405
2024-09-03,Sábado 3,288800,0,215400,0,73400,0,0,73400,468270
2024-09-02,Lundi 2,668600,0,395900,150000,122700,0,0,272700,1055785
2024-09-02,Viernes 2,2114275,1466775,492600,79600,75300,0,0,154900,177050
2024-08-31,Mercredi 31,478720,0,264300,73800,140620,0,0,214420,0
2024-08-30,Mardi 30,945900,0,702400,0,243500,0,0,243500,0
2024-08-29,Lundi 29,560300,0,455700,37600,67000,0,1100000,1204600,0
2024-08-27,Samedi 27,656000,0,590300,0,65700,0,0,65700,0
2024-08-26,Vendredi 26,802389,0,671889,22200,108300,0,0,130500,0
2024-08-25,Jeudi 25,1808000,0,1694000,0,114000,0,0,114000,0
2024-08-24,Mercredi 24,1067551,0,814400,203000,50151,0,0,253151,0
2024-08-23,Mardi 23,882500,0,561500,146000,175000,0,0,321000,0
2024-08-22,Lundi 22,694400,72600,367800,60000,194000,0,0,254000,0
2024-08-20,Samedi 20,391500,0,150500,185000,56000,0,0,241000,0
2024-08-19,Vendredi 19,579400,0,435400,134000,10000,0,73800,217800,0
2024-08-18,Jeudi 18,911500,0,535000,266500,110000,0,0,376500,0
2024-08-17,Mercredi 17,517600,0,267000,202600,48000,0,750000,1000600,0
2024-08-16,Mardi 16,549566,211266,100400,89400,148500,0,0,237900,0
2024-08-15,LUndi 15,766200,0,617400,81800,67000,72600,0,221400,0
2024-08-13,Samedi 13,196000,0,148600,0,47400,0,0,47400,0
2024-08-12,Vendredi 12,785700,0,264400,127300,394000,0,0,521300,0
2024-08-11,Jeudi 11,537600,0,261700,130000,145900,0,0,275900,128000
2024-08-10,Mercredi 10,325700,13000,167400,17800,127500,0,0,145300,160000
2024-08-09,Mardi 9,0,0,0,0,0,0,0,0,350000
2024-08-08,Lundi 8,922900,229000,0,564900,129000,210500,0,904400,246000
2024-08-06,Samedi 6,587700,0,432400,0,155300,0,0,155300,3964003
2024-08-05,Vendredi 5,956100,-35000,805400,0,185700,264000,0,449700,940564
2024-08-04,Jeudi 4,1036100,0,549600,25000,461500,0,1162507,1649007,15250
2024-08-03,Mercredi 3,571400,0,431400,22000,118000,0,0,140000,0
2024-08-02,Mardi 2,490000,0,195400,168000,126600,28000,0,322600,677350
2024-08-01,Lundi 1,311100,0,172000,0,139100,0,185060,324160,2104000
2024-07-29,Samedi 29,301400,0,167600,35000,98800,0,0,133800,0
2024-07-28,Vendredi 28,1087850,377550,307800,192000,210500,0,0,402500,0
2024-07-27,Jeudi 27,358500,0,324600,0,33900,0,0,33900,0
2024-07-26,Mercredi 26,1126900,0,500400,472000,154500,0,0,626500,0
2024-07-25,Mardi 25,355450,0,261900,28000,65550,13000,0,106550,0
2024-07-24,Lundi 24,683200,0,410900,52000,220300,0,0,272300,0
2024-07-22,Samedi 22,952100,0,416500,151000,384600,0,0,535600,0
2024-07-21,Vendredi 21,390500,252000,128000,0,10500,0,0,10500,210000
2024-07-20,Jeudi 20,0,0,0,0,0,0,0,0,225000
2024-07-19,Mercredi 19,423600,0,223100,132000,68500,0,0,200500,390000
2024-07-18,Mardi 18,461700,0,318200,0,143500,0,0,143500,0
2024-07-15,Samedi 15,1011500,0,746000,154500,111000,0,0,265500,344000
2024-07-14,Vendredi 14,549250,0,239500,252750,57000,0,0,309750,562900
2024-07-13,Jeudi 13,574000,0,367500,146500,60000,0,0,206500,140000
2024-07-12,Mercredi 12,608800,0,385600,96000,127200,0,0,223200,580000
2024-07-11,Mardi 11,398300,0,244300,72000,82000,0,0,154000,0
2024-07-10,Lundi 10,358700,0,186200,18500,154000,0,0,172500,0
2024-07-05,Mercredi 5,168900,0,90900,12000,66000,0,47500,125500,200710
2024-07-04,Mardi 4,383500,0,238500,80000,65000,0,0,145000,214170
2024-07-03,Lundi 3,694500,-112500,494000,10000,303000,90000,-112500,290500,62900
2024-07-01,Samedi 1,227500,0,42500,0,185000,90000,0,275000,453750
2024-06-30,Jueves 30,380900,0,204900,66000,110000,1458130,0,1634130,0
2024-06-29,Miércoles 29,456400,0,281400,0,175000,30000,0,205000,0
2024-06-28,Martes 28,1390700,0,1009000,358500,23200,0,364040,745740,0
2024-06-25,Sábado 25,605601,0,166400,319801,119400,0,0,439201,0
2024-06-24,Viernes 24,302800,0,237800,14000,51000,1373600,0,1438600,0
2024-06-23,Jueves 23,752900,0,342400,290000,120500,0,0,410500,436780
2024-06-23,Jueves 23,711830,0,275500,273390,162940,0,0,436330,0
2024-06-22,Miércoles 22,272900,0,187000,14000,71900,0,0,85900,0
2024-06-21,Martes 21,933060,0,268000,37060,628000,0,0,665060,0
2024-06-20,Lunes 20,734800,0,461300,81000,192500,0,0,273500,0
2024-06-18,Sábado 18,418200,0,168200,166500,83500,0,0,250000,0
2024-06-17,Viernes 17,644400,0,308400,253000,83000,0,0,336000,146526
2024-06-16,Jueves 16,475000,62000,245000,56000,112000,0,0,168000,2879303
2024-06-15,Miércoles 15,631800,0,321500,70300,240000,0,0,310300,994005
2024-06-14,Martes 14,398100,0,149700,228900,19500,0,0,248400,27000
2024-06-13,Lunes 13,622800,0,216400,18000,388400,0,0,406400,175000
2024-06-11,Sábado 11,444100,0,224100,120000,100000,0,0,220000,94000
2024-06-10,Viernes 10,485400,0,265200,19000,201200,0,0,220200,82000
2024-06-09,Jueves 9,449800,0,147500,74800,227500,0,0,302300,48869
2024-06-08,Miércoles 8,665900,0,244500,267200,154200,0,0,421400,46840
2024-06-07,Martes 7,1051670,456820,367350,163000,64500,0,0,227500,47420
2024-06-06,Lunes 6,1294800,0,956200,104100,234500,1116134,327840,1782574,1348608
2024-06-04,Sábado 4,596900,0,378600,90000,128300,0,0,218300,232170
2024-06-03,Viernes 3,1568622,932822,353200,41000,241600,456000,0,738600,421828
2024-06-01,Miercoles 1,0,0,0,0,0,0,0,0,895573
2024-05-30,Mardi 30,952300,0,680900,82500,188900,0,0,271400,0
2024-05-29,Lundi 29,964800,0,410100,318500,236200,0,0,554700,580000
2024-05-27,Samedi 27,1679000,0,1435500,98000,145500,0,0,243500,1830700
2024-05-26,Vendredi 26,831100,0,417800,47300,366000,0,0,413300,275458
2024-05-25,Jeudi 25,872400,0,306400,382000,184000,763822,0,1329822,51790
2024-05-24,Mercredi 24,862500,0,445300,112000,305200,16000,0,433200,1100000
2024-05-23,Mardi 23,2240580,6500,1773780,4000,456300,528000,0,988300,208018
2024-05-22,Lundi 22,1429600,0,585400,59500,784700,0,0,844200,350500
2024-05-20,Samedi 20,533600,0,185100,52400,296100,0,740000,1088500,491641
2024-05-19,Vendredi 19,810500,0,403200,236000,171300,87000,0,494300,30500
2024-05-18,Jeudi 18,2577040,1061440,822300,495000,198300,0,57959,751259,23640
2024-05-17,Mercredi 17,1032200,240000,616200,0,176000,0,1331000,1507000,180000
2024-05-16,Mardi 16,783200,0,533200,125000,125000,0,0,250000,290000
2024-05-15,Lundi 15,476400,0,320600,0,155800,0,0,155800,163000
2024-05-13,samedi 13,1234282,0,1174282,60000,0,0,0,60000,59000
2024-05-12,Vendredi 12,962600,0,397700,250000,314900,240000,0,804900,89830
2024-05-11,Jeudi 11,951400,0,524900,177000,249500,0,0,426500,350000
2024-05-09,mardi 9,1056000,0,547800,170800,337400,0,1097712,1605912,617826
2024-05-08,Lundi 8,1626300,0,820000,414000,392300,0,0,806300,139230
2024-05-06,Samedi 6,1138600,0,761100,62500,315000,0,0,377500,901000
2024-05-05,Vendredi 5,1197800,0,902800,4000,291000,0,137879,432879,1620000
2024-05-04,Jeudi 4,1303600,0,989800,97500,216300,0,0,313800,647410
2024-05-03,Mercredi 3,1136200,0,820700,10000,305500,0,0,315500,536200
2024-05-01,Lundi 1,265300,0,265300,0,0,0,0,0,166000
2024-04-30,Samedi 30,1161300,0,525300,382000,254000,0,0,636000,0
2024-04-28,Jeudi 28,683100,0,311100,277000,95000,0,0,372000,0
2024-04-27,Mercredi 27,2039700,0,883000,788400,368300,0,0,1156700,0
2024-04-26,Mardi 26,938300,0,458800,201000,278500,31000,0,510500,0
2024-04-25,Lundi 25,1549600,0,1085800,153000,310800,0,0,463800,0
2024-04-23,Samedi 23,903400,0,491100,0,412300,0,0,412300,1200000
2024-04-21,Jeudi 21,909000,0,441100,291000,176900,22000,0,489900,27730
2024-04-20,Mercredi 20,1660300,0,495600,445500,719200,0,0,1164700,844201
2024-04-19,Mardi 19,2016400,0,1184000,385000,447400,0,0,832400,149240
2024-04-18,Lundi 18,1099000,0,774400,72000,252600,0,0,324600,823617
2024-04-16,Samedi 16,694100,0,337300,0,356800,0,0,356800,286000
2024-04-15,Vendredi 15,1616100,0,991200,499000,125900,0,0,624900,531200
2024-04-14,Jeudi 14,1537600,0,692800,406600,438200,0,0,844800,37444
2024-04-13,Mercredi 13,1146700,0,866500,9000,271200,0,0,280200,387574
2024-04-12,Mardi 12,2934600,0,958500,1024500,951600,0,0,1976100,1193177
2024-04-11,Lundi 11,1111600,0,803600,67000,241000,0,0,308000,210000
2024-04-09,Samedi 9,715500,0,421000,123000,171500,0,0,294500,1504460
2024-04-08,Vendredi 8,855000,0,475000,185000,195000,0,0,380000,2367000
2024-04-06,Mercredi 6,733400,0,304400,101000,328000,786000,0,1215000,667875
2024-04-05,Mardi 5,734484,0,535100,79484,119900,78500,137879,415763,50000
2024-04-04,Lundi 4,1232350,0,847200,0,385150,0,0,385150,2317402
2024-04-01,Vendredi 1,2111300,75000,1621300,199000,216000,0,0,415000,235000
2024-03-27,Mercredi 27,816600,0,342600,247000,227000,42050,0,516050,0
2024-03-26,Lundi 26,861500,0,546800,46000,268700,0,0,314700,0
2024-03-26,Mardi 26,1394500,0,325500,447000,622000,75000,0,1144000,0
2024-03-25,Lundi 25,798100,0,472600,122800,202700,0,0,325500,0
2024-03-24,Samedi 24,736700,0,201000,318000,217700,0,0,535700,0
2024-03-22,Jeudi 22,1662400,0,867400,407500,387500,0,0,795000,481655
2024-03-21,Mercredi 21,1248200,0,864700,72500,311000,0,0,383500,75249
2024-03-20,Mardi 20,856410,0,551800,270000,34610,0,0,304610,43100
2024-03-19,Lundi  19,800950,0,505200,160000,135750,0,0,295750,135813
2024-03-17,Samedi 17,757400,0,644900,0,112500,0,0,112500,669735
2024-03-16,Vendredi 16,1751300,0,1048800,158800,543700,0,0,702500,336909
2024-03-15,Jeudi 15 ,2886600,1800000,556400,44000,486200,0,0,530200,272181
2024-03-14,Mercredi 14,1250040,0,643040,222000,385000,0,0,607000,198000
2024-03-10,Samedi 10,1018300,0,574500,118000,325800,0,0,443800,2026462
2024-03-09,Vendredi 9,1401585,0,693785,420500,287300,0,0,707800,290000
2024-03-08,Jeudi 8,1291200,250000,570500,336500,134200,0,0,470700,147955
2024-03-07,Mercredi 7,1034200,0,771400,102000,160800,0,0,262800,665687
2024-03-06,Mardi 6,771200,0,393800,71500,305900,0,82000,459400,351000
2024-03-05,Lundi 5,1026450,0,625000,226750,174700,1051084,0,1452534,537104
2024-03-03,Samedi 3,692000,0,468300,43200,180500,0,0,223700,2200000
2024-03-02,Vendredi 2,962100,0,663700,298400,0,0,0,298400,2520000
2024-03-01,Jeudi 1,1287250,0,637650,95200,554400,0,0,649600,27450
2024-02-29,Lundi 29,797850,0,488550,138800,170500,250000,0,559300,57112
2024-02-27,Samedi 27,677800,0,476300,19000,182500,0,0,201500,669735
2024-02-26,Vendredi 26,1127600,0,704000,14000,409600,0,0,423600,413880
2024-02-25,Jeudi 25,1240700,0,893300,63000,284400,0,0,347400,303750
2024-02-24,Mercredi 24,1035200,0,733600,96900,204700,0,0,301600,13400
2024-02-23,Mardi 23,1372000,0,631900,517000,223100,0,0,740100,190000
2024-02-22,Lundi 22,2550299,0,778500,1280799,491000,0,0,1771799,139800
2024-02-20,Samedi 20,726800,0,497700,0,229100,0,0,229100,1436000
2024-02-19,Vendredi 19,1118900,0,520000,367000,231900,0,0,598900,250000
2024-02-18,Jeudi 18,1262200,0,693000,200000,369200,0,0,569200,14000
2024-02-17,Mercredi 17,1130550,0,713850,44000,372700,0,0,416700,27450
2024-02-16,Mardi 16,1340100,0,814600,50000,475500,0,0,525500,1436000
2024-02-15,Lundi 15,1689620,0,778000,495520,416100,0,0,911620,30000
2024-02-13,Samedi 13,908500,0,624100,40000,244400,0,0,284400,315000
2024-02-12,Vendredi 12,1289900,0,507700,184600,597600,0,0,782200,1000000
2024-02-11,Jeudi 11,1079800,0,720000,78000,281800,0,0,359800,22000
2024-02-10,Mercredi 10,1287500,0,629100,294000,364400,0,0,658400,925000
2024-02-09,Mardi 9,1617400,0,750300,497000,370100,0,0,867100,681610
2024-02-08,Lundi 8,1312000,0,859300,149000,303700,0,0,452700,122000
2024-02-06,Samedi 6,2057500,0,1328200,356500,372800,0,0,729300,0
2024-02-05,Vendredi 5,1221600,0,644600,244600,332400,0,108000,685000,200000
2024-02-04,Jeudi 4,1204600,0,626300,141500,436800,0,0,578300,1893000
2024-02-03,Mercredi 3,1194700,0,640600,244000,310100,0,82000,636100,270000
2024-02-02,Mardi 2,1515300,0,791600,517400,206300,0,0,723700,910700
2024-01-30,Samedi 30,845500,0,545000,14000,286500,0,0,300500,0
2024-01-29,Vendredi 29,1214200,0,748400,142000,323800,0,0,465800,0
2024-01-28,Jeudi 28,830000,0,457500,62000,310500,0,0,372500,0
2024-01-27,Mercredi 27 ,710700,0,455700,83000,172000,0,0,255000,0
2024-01-26,Mardi 26,1205200,0,554800,46200,604200,0,0,650400,0
2024-01-23,Samedi 23,766500,0,514300,62000,190200,0,0,252200,0
2024-01-22,Vendredi 22,1326900,34000,943900,100000,249000,-20000,0,329000,0
2024-01-21,Jeudi 21,1371750,397500,302000,414750,257500,280000,0,952250,0
2024-01-20,Mercredi 20,1143996,0,670700,291996,181300,0,0,473296,0
2024-01-19,Mardi 19,367900,0,150100,135200,82600,117500,0,335300,0
2024-01-18,Lundi 18,428500,0,231800,41700,155000,0,0,196700,0
2024-01-16,Samedi 16,2817300,0,681500,1963100,172700,0,0,2135800,0
2024-01-15,vendredi 15,633250,0,372750,133000,127500,0,0,260500,1134000
2024-01-14,Jeudi 14,1120300,0,568300,290000,262000,0,0,552000,430000
2024-01-13,Mercredi 13,980900,0,633600,192100,155200,0,0,347300,1300000
2024-01-12,Mardi 12,1134600,0,650400,208400,275800,0,0,484200,1590000
2024-01-11,Lundi 11,1300670,0,851670,352000,97000,0,0,449000,670000
2024-01-09,Samedi 9,655300,0,364600,81700,209000,0,0,290700,2430000
2024-01-08,Vendredi 8,0,0,0,0,0,0,0,0,100000
2024-01-07,Jeudi 7,557800,0,335100,151000,71700,384000,0,606700,588000
2024-01-06,Mercredi 6,1562900,0,1235100,242600,85200,0,0,327800,24450
2024-01-05,Mardi 5,621350,0,362050,27200,232100,0,0,259300,657000
2024-01-04,Lundi 4,862700,0,657300,28000,177400,0,0,205400,658086
2024-01-01,Vendredi 1,824900,0,365700,342000,117200,0,0,459200,0
2023-12-31,Mardi 31,1425896,0,221730,1054966,149200,0,0,1204166,43500
2023-12-30,Jeudi 30,860100,0,485700,225600,148800,0,-1533000,-1158600,0
2023-12-30,Lundi 30,609100,0,405600,122500,81000,0,0,203500,653401
2023-12-29,Mercredi 29,1044800,0,715600,66000,263200,0,0,329200,0
2023-12-28,Mardi 28,1135500,0,302700,682500,150300,0,0,832800,0
2023-12-28,Samedi 28,382600,0,230600,0,152000,0,0,152000,190000
2023-12-27,Lundi 27,1005700,0,573100,151000,281600,0,0,432600,0
2023-12-27,Vendredi 27,554650,0,232300,204150,118200,0,0,322350,57000
2023-12-26,Jeudi 26,488470,0,244000,151100,93370,0,0,244470,63100
2023-12-25,Vendredi 25,635000,0,424100,0,210900,0,0,210900,0
2023-12-25,Mercredi 25,523100,0,383200,41300,98600,0,0,139900,807530
2023-12-24,Vendredi 24,884623,0,685100,124723,74800,0,0,199523,15000
2023-12-24,Mardi 24,440100,0,244500,78900,116700,0,0,195600,16500
2023-12-23,Jeudi 23,399230,0,187930,165000,46300,0,0,211300,1183380
2023-12-23,Lundi 23,545600,0,311400,64000,170200,167000,0,401200,494769
2023-12-22,Mercredi 22,536750,0,319350,50400,167000,0,0,217400,0
2023-12-21,Mardi 21,949600,0,546300,158100,245200,0,0,403300,174000
2023-12-21,Samedi 21,503250,0,295650,41100,166500,0,0,207600,62000
2023-12-20,vendredi 20,742600,0,400700,230900,111000,0,0,341900,257000
2023-12-19,Jeudi 19,761350,0,290100,181750,289500,0,0,471250,483000
2023-12-18,Samedi 18,785150,0,612650,57700,114800,0,0,172500,43000
2023-12-18,Mercredi 18,607450,0,222300,118000,267150,0,0,385150,554463
2023-12-17,Vendredi 17,-1100390,0,284950,-1475740,90400,0,0,-1385340,0
2023-12-17,Mardi 17,659000,0,506500,0,152500,0,0,152500,647037
2023-12-16,Jeudi 16,672520,0,485740,29780,157000,0,0,186780,350000
2023-12-15,Mercredi 15,449700,0,243300,93200,113200,0,0,206400,406875
2023-12-14,Mardi 14,617800,0,477100,53700,87000,0,0,140700,605919
2023-12-14,Samedi 14,509250,0,322000,45850,141400,0,0,187250,56100
2023-12-13,Lundi le 13,491700,0,275600,102800,113300,0,0,216100,0
2023-12-12,Jeudi 12,1862600,0,225000,1578100,59500,0,0,1637600,178506
2023-12-11,Samedi 11,3163500,2500000,444600,59200,159700,3499940,0,3718840,250000
2023-12-11,Mercredi 11,273075,0,91375,46900,134800,0,0,181700,47000
2023-12-10,Vendredi 10,816120,0,466370,21450,328300,0,0,349750,19000
2023-12-10,Mardi 10,376450,0,210850,70800,94800,0,0,165600,292215
2023-12-09,Jeudi 9,938500,0,258850,487750,191900,0,0,679650,36000
2023-12-09,Lundi 9,1296306,0,866100,309006,121200,0,0,430206,209910
2023-12-08,Mercredi 8,484200,0,305700,24700,153800,0,0,178500,350000
2023-12-07,Mardi 7,981200,0,770800,13000,197400,0,0,210400,148250
2023-12-07,Samedi 7,327700,0,208000,0,119700,0,0,119700,75900
2023-12-06,Lundi 6,1115041,0,694800,202841,217400,0,0,420241,17160
2023-12-06,Vendredi 6 ,768810,23610,446550,91300,207350,0,0,298650,550227
2023-12-05,Jeudi 5,478300,0,164300,128000,186000,0,0,314000,112014
2023-12-04,Samedi 4,352800,0,216000,34400,102400,0,0,136800,230000
2023-12-04,Mercredi 4,648900,0,427300,83800,137800,0,0,221600,92400
2023-12-03,Vendredi 3,501400,0,300100,0,201300,0,0,201300,189000
2023-12-03,Mardi 3,748100,0,613850,43200,91050,0,0,134250,21530
2023-12-02,Jeudi 2,2832300,0,334600,15500,2482200,0,37500,2535200,2705
2023-12-02,Lundi 2,656538,0,277500,282538,96500,7000,0,386038,72000
2023-12-01,Mercredi 1,283300,0,215500,13000,54800,0,0,67800,1119791
2023-11-30,Samedi 30,384600,0,276100,22400,86100,0,27611,136111,0
2023-11-29,Vendredi 29,1026380,0,250000,607280,169100,0,0,776380,0
2023-11-28,Jeudi 28,429650,23100,229450,61600,115500,0,0,177100,0
2023-11-27,Mercredi 27,405800,13600,260300,80000,51900,0,0,131900,0
2023-11-26,Mardi 26,694600,0,369200,202700,122700,0,0,325400,139640
2023-11-23,Samedi 23,537450,0,351350,84100,102000,0,0,186100,25600
2023-11-22,Viernes 22,512100,0,361700,9600,140800,6000,480975,637375,221000
2023-11-21,Jueves 21,512100,0,361700,9600,140800,6000,480975,637375,100000
2023-11-20,Mercredi 20,534250,103000,185450,159100,86700,0,0,245800,20000
2023-11-19,Mardi 19,364200,0,258700,15700,89800,155100,0,260600,115500
2023-11-18,Lundi 18,479500,0,271100,76800,131600,0,0,208400,453000
2023-11-16,Samedi 16,636053,0,312350,130002,193701,0,0,323703,119900
2023-11-15,Vendredi 15,0,0,0,0,0,0,0,0,50000
2023-11-14,Jeudi 14,458200,0,287700,126000,44500,0,0,170500,400000
2023-11-13,Mercredi 13,293100,0,137100,57300,98700,0,0,156000,21000
2023-11-12,Mardi 12,208050,0,97050,64000,47000,0,0,111000,20000
2023-11-11,Lundi 11,674680,0,543100,40800,90780,0,0,131580,15000
2023-11-09,Samedi 9,349910,0,219490,36220,94200,0,0,130420,40000
2023-11-08,Vendredi 8,583200,0,284200,155200,143800,0,0,299000,1212200
2023-11-07,Jueves 7,787970,0,649420,0,138550,0,0,138550,106086
2023-11-06,Mercredi 6,456000,0,166500,235400,54100,0,0,289500,256000
2023-11-05,Mardi 5 ,348150,0,144200,79850,124100,0,0,203950,127500
2023-11-04,Lundi 4,387780,0,203750,104200,79830,0,0,184030,500000
2023-11-02,Samedi 2,178350,0,134650,31900,11800,0,0,43700,362000
2023-11-01,Vendredi 1,455720,0,272170,113650,69900,0,0,183550,55000
2023-10-31,Jueves 31,602600,169000,303800,91600,38200,0,0,0,0
2023-10-30,Miércoles 30,432900,0,306700,26200,100000,0,0,126200,587000
2023-10-28,Martes 28,676000,0,594700,0,81300,0,0,81300,0
2023-10-27,Lunes 27,220660,15000,87400,3000,115260,260975,0,379235,200000
2023-10-26,miércoles 26 ,198200,0,94800,1200,102200,0,0,103400,26374
2023-10-26,Sábado 26,339420,64320,146200,68700,60200,0,60500,189400,85000
2023-10-24,Jueves 24,260840,0,177950,12000,70890,0,0,82890,205000
2023-10-23,Miércoles 23,323870,0,192670,43900,87300,0,0,131200,154638
2023-10-22,Martes 22,308280,0,204300,3400,100580,0,0,103980,55000
2023-10-19,Sábado 19,288450,0,171300,9500,107650,0,155600,272750,108000
2023-10-18,Viernes 18,527330,0,255030,118900,153400,0,19700,292000,11000
2023-10-17,Jueves 17,713557,7000,249500,440757,16300,0,0,-83690,66900
2023-10-16,Miércoles 16,411400,128000,247500,13200,22700,12320,0,48220,10700
2023-10-15,Martes 15,216500,0,136700,22100,57700,135000,0,214800,266500
2023-10-14,Lunes 14,376400,0,130600,98900,146900,0,0,245800,60000
2023-10-11,Viernes 11,405050,0,331250,34000,39800,0,59111,132911,5700
2023-10-10,Jueves 10,321530,0,231930,44600,45000,0,0,89600,47238
2023-10-09,Miércoles 9,293500,0,204300,25500,63700,0,0,89200,5300
2023-10-08,Martes 8,173450,0,110550,21200,41700,0,0,62900,128100
2023-10-07,Lunes 7,168880,0,117900,23980,27000,0,0,50980,349000
2023-10-05,sábado 5,376180,60000,230180,60000,26000,0,0,86000,100000
2023-10-04,Viernes 4,429900,0,393900,18000,18000,0,0,36000,289463
2023-10-03,Jueves 3,470350,48000,148500,253400,20450,0,0,273850,20280
2023-10-01,Martes 1,121990,0,52500,35200,34290,0,0,69490,0
2023-09-30,Viernes 30,195850,0,153650,38800,3400,0,0,42200,0
2023-09-29,Sábado 29,519300,0,391700,98200,29400,0,0,127600,0
2023-09-29,Jueves 29,327940,0,244000,51640,32300,311100,0,395040,0
2023-09-28,viernes 28,213080,59280,120700,7200,25900,108000,0,141100,0
2023-09-28,Miércoles 28,190550,0,185250,0,5300,0,37500,42800,0
2023-09-27,Jueves 27,173900,0,137650,12550,23700,47500,116150,199900,0
2023-09-27,Martes 27,217450,0,149350,52000,16100,0,0,68100,0
2023-09-26,miércoles 26 ,252030,97430,145000,0,9600,0,0,9600,0
2023-09-26,Lunes 26,98950,0,77450,2200,19300,0,0,21500,0
2023-09-25,Martes 25,143900,0,143300,600,0,0,0,600,0
2023-09-24, Lunes 24,292250,0,228550,55200,8500,0,0,63700,0
2023-09-24,Sábado 24,87300,0,54100,0,33200,0,0,33200,0
2023-09-23,Viernes 23,87150,0,46250,4050,36850,0,0,40900,0
2023-09-22,Sábado 22,108030,0,73830,0,34200,0,0,34200,0
2023-09-22,Jueves 22,57500,0,29100,0,28400,0,0,28400,0
2023-09-21,Viernes 21,192050,79800,71850,18000,22400,0,279340,319740,0
2023-09-21,Miércoles 21,412400,0,390900,0,21500,0,0,21500,104000
2023-09-20,Jueves 20,129600,0,102000,3800,23800,0,0,27600,0
2023-09-19,Miercoles 19,114620,0,63520,41400,9700,0,0,51100,0
2023-09-19,Lunes 19,0,0,0,0,0,0,0,0,76500
2023-09-18,Martes 18,162750,0,76650,15600,70500,0,0,86100,0
2023-09-17,Lunes 17,229520,0,155870,0,73650,0,0,73650,0
2023-09-17,Sábado 17,39350,0,23550,15800,0,0,0,15800,10555
2023-09-16,Viernes 16,121130,0,100530,9600,11000,0,0,20600,8300
2023-09-15,Sábado 15,69150,0,43650,0,25500,0,0,25500,106088
2023-09-15,Jueves 15,190800,78500,49350,29600,33350,0,0,62950,46050
2023-09-14,Viernes 14,137000,0,111400,8700,16900,0,0,25600,66000
2023-09-14,Miércoles 14,395050,0,339550,12400,43100,0,0,55500,92202
2023-09-13,Jueves 13,150800,0,139100,4500,7200,0,0,11700,169086
2023-09-13,Martes 13,508988,109800,382678,0,16510,0,0,16510,30000
2023-09-12,Miércoles 12,273800,0,51100,171900,50800,0,0,222700,358000
2023-09-12,Lunes 12,96410,0,81610,0,14800,0,0,14800,49000
2023-09-10,Lunes 10,277900,0,251300,0,26600,0,0,26600,20000
2023-09-10,Sábado 10,87800,0,52300,25700,9800,0,0,250000,250780
2023-09-09,Viernes 9,205550,0,146350,24200,35000,0,0,59200,13246
2023-09-08,Sábado 8,133600,0,114000,0,19600,0,0,19600,74000
2023-09-08,Jueves 8,211300,0,97300,96400,17600,0,0,114000,73946
2023-09-07,Viernes 7,101700,0,70900,15300,15500,0,0,30800,10200
2023-09-07,Miércoles 7,325500,0,71500,233000,21000,59280,0,313280,160000
2023-09-06,Jueves 6,213550,0,194550,11000,8000,0,0,19000,280930
2023-09-06,Martes 6,478892,0,317400,125390,36102,13200,0,174692,50000
2023-09-05,miércoles 5,147500,4800,101500,30400,10800,0,0,41200,75000
2023-09-05,Lunes 5,89700,0,71450,0,18250,2400,0,20650,197877
2023-09-04,martes 4,426100,311100,50500,32000,32500,79800,204505,348805,485732
2023-09-03,Lunes 3,96700,0,73900,0,22800,0,0,22800,4483
2023-09-03,Sábado 3,373400,79350,280350,0,13700,0,0,13700,467000
2023-09-02,Viernes 2,294180,0,75800,106000,112380,0,0,218380,0
2023-09-01,Sábado 1,55100,0,27400,0,27700,0,0,27700,0
2023-08-31,Miércoles 31,133500,0,78000,19900,35600,107400,0,162900,0
2023-08-30,Martes 30,149950,0,93550,21000,35400,0,0,56400,0
2023-08-29, Sábado 29,173650,0,123600,28250,21800,139890,0,189940,0
2023-08-29, Lunes 29,278450,57500,183050,28400,9500,15000,0,52900,0
2023-08-24, MIércoles 24,338880,0,282500,36800,19580,0,0,56380,0
2023-08-23, martes 23,191350,0,126450,35400,29500,0,0,64900,0
2023-08-22, Lunes 22,73400,0,73400,0,0,0,0,0,0
2023-08-20,Sábado 20,149280,0,135650,0,13630,0,0,13630,0
2023-08-19,Viernes 19,180400,46000,85300,21600,27500,14300,0,63400,0
2023-08-18,Jueves 18,191650,0,138150,21300,32200,0,0,53500,0
2023-08-17,Miércoles 17,115400,0,73500,14100,27800,0,0,41900,0
2023-08-16, Martes 16,235250,0,177850,17500,39900,79350,0,136750,0
2023-08-15,Lunes 15,146500,0,90200,20800,35500,0,0,56300,0
2023-08-13,Sábado13,351750,0,198450,138400,14900,0,0,153300,0
2023-08-12,Viernes 12,375600,0,299800,57250,18550,0,0,75800,0
2023-08-11,Jueves 11,163050,0,108750,9800,44500,0,0,54300,0
2023-08-10,miércoles 10,127150,0,85150,1600,40400,0,0,42000,0
2023-08-09,Martes 9,175150,0,125750,9200,40200,46000,0,95400,0
2023-08-08,Lunes 8,336050,0,175950,56000,104100,0,0,160100,0
2023-08-06,Sábado 6,79700,0,60700,0,19000,0,0,19000,0
2023-08-05,Viernes 5 ,218650,0,178150,0,40500,0,0,40500,0
2023-08-04,Jueves 4,262000,0,190550,40900,30550,0,0,71450,0
2023-08-03,Miercoles 3 ,139190,0,124990,5900,8300,0,0,14200,0
2023-08-02,Martes 2,172500,0,112850,13000,46650,0,0,59650,0
2023-07-29,Sábado 29 ,165000,0,90400,6000,68600,0,0,74600,0
2023-07-28,Viernes 28,584260,246080,80300,223580,34300,246080,0,503960,0
2023-07-27,Jueves 27,234080,24500,137180,0,72400,0,0,72400,0
2023-07-26, Miércoles 26,476272,0,116470,266202,93600,0,0,359802,0
2023-07-25,Martes 25,522000,0,119300,195300,207400,0,0,402700,0
2023-07-24, lunes 24,175600,0,93500,46200,35900,0,0,82100,0
2023-07-22,sábado 22,215000,0,189200,0,25800,0,0,25800,0
2023-07-21,Viernes 21,233600,0,199900,18900,14800,0,0,33700,0
2023-07-20,Jueves 20,119950,0,55350,32700,31900,0,0,64600,0
2023-07-19,Miércoles 19,391070,83600,240600,38300,28570,0,0,66870,0
2023-07-18, Martes 18,151050,0,92750,0,58300,0,0,58300,0
2023-07-17, Lunes 17,233850,0,117650,99000,17200,0,0,116200,0
2023-07-15,Sábado15,221000,0,207150,1400,12450,0,0,13850,0
2023-07-14,Viernes 14,422500,246000,106700,51750,18050,0,0,69800,0
2023-07-13,Jueves 13 ,307400,0,287700,18800,900,0,0,19700,0
2023-07-12,Miércoles 12,389800,0,96300,153100,140400,0,0,293500,0
2023-07-11,martes 11,430050,0,237150,51050,141850,108100,0,301000,0
2023-07-10, Lunes 10,295289,0,194300,76889,24100,246000,0,346989,0
2023-07-06,Jueves 6,252200,0,74600,154000,23600,0,0,177600,0
2023-07-05,Miércoles 5,422250,0,229350,71400,121500,0,0,192900,0
2023-07-04,Martes 4,226900,0,54500,156800,15600,0,0,172400,0
2023-07-03,lunes 3,259800,0,203900,8200,47700,0,0,55900,0
2023-07-01,Sábado 1,147150,59550,67400,2300,17900,59550,0,79750,0
2023-06-30,Jueves 30,221290,0,166190,10000,45100,0,0,55100,0
2023-06-30,Jueves 30,70290,3600,50340,800,15550,24750,0,41100,0
2023-06-29,Miércoles 29,696200,48300,340200,283300,24400,102900,0,410600,0
2023-06-29,Miércoles 29,56539,6260,35530,10459,4290,5730,0,20479,0
2023-06-28, Martes 28,161500,0,96600,0,64900,0,0,64900,0
2023-06-28,Martes 28,75060,4500,57800,5360,7400,0,0,12760,0
2023-06-27, Lunes 27,232270,51220,143990,0,37060,0,0,37060,0
2023-06-27,Lunes 27,130700,800,84450,42850,2600,0,0,45450,0
2023-06-25, Sábado 25,88100,0,62800,0,25300,0,0,25300,0
2023-06-25,Sábado 25,61940,12100,23810,8300,17730,0,0,26030,0
2023-06-24,Viernes 24 ,74990,14000,47950,2850,10190,0,0,13040,0
2023-06-23,Jueves 23,280650,0,167450,46200,67000,0,0,140000,0
2023-06-22,Miércoles 22,560477,0,390940,142237,27300,0,0,169537,0
2023-06-21,Martes 21,366250,74000,240050,2400,49800,51220,0,103420,0
2023-06-20, Lunes 20,416700,0,286000,42800,87900,0,0,130700,0
2023-06-18,Sabado 18,132550,0,73350,38000,21200,0,0,59200,0
2023-06-17, Viernes 17,310100,0,208500,38300,63300,0,0,101600,0
2023-06-16,Jueves 16,356850,0,210850,117800,28200,0,0,146000,0
2023-06-15,Miércoles 15,390250,0,285550,80800,23900,0,0,104700,0
2023-06-14, Martes 14,167630,0,147730,9200,10700,0,0,19900,0
2023-06-13, Lunes 13,272280,0,150280,60600,61400,0,0,122000,0
2023-06-11,Sábado 11,157350,0,119450,2000,35900,0,0,37900,0
2023-06-10,viernes 10,185200,0,143400,7400,34400,0,0,41800,0
2023-06-09, jueves 9,249940,0,204990,1800,43150,0,0,44950,0
2023-06-08,Miércoles 8,241300,0,189600,41400,10300,32300,0,84000,0
2023-06-07, Martes 7,187400,0,100000,17400,70000,0,0,87400,0
2023-06-06,Lunes 6,182400,0,119400,4300,58700,0,0,63000,0
2023-06-04,Sábado 4,455000,0,367600,42100,45300,0,0,87400,0
2023-06-03,Viernes 3,168700,0,110100,27100,31500,0,0,58600,0
2023-06-02,Jueves 2,173990,8400,129190,8000,28400,0,0,36400,0
2023-06-01,Miércoles 1=,248800,0,157100,38100,53600,0,0,91700,0
2023-05-30,sábado 30,20980,1750,17480,0,1750,0,0,1750,0
2023-05-29,viernes 29,40100,5505,27400,1690,5505,5510,0,12705,0
2023-05-28,jueves 28,45218,8190,27138,3790,6100,0,0,9890,70.25
2023-05-26,martes 26,82161,4120,62241,11080,4720,0,0,15800,70.25
2023-05-23,sábado 23,26900,2800,21300,2500,300,0,0,2800,70.25
2023-05-22,viernes 22,45680,2440,32460,5560,5220,0,0,10780,70.25
2023-05-21,jueves 21,37690,2800,30300,0,4590,0,0,4590,70
2023-05-19,martes 19,30100,1350,21900,1940,4910,0,0,6850,70
2023-05-18,Lunes - 18,51850,7480,25430,7740,11200,0,0,18940,70
2023-05-16,sábado - 16,55300,7380,37840,6300,3780,0,0,10080,70
2023-05-15,viernes - 15 ,107410,43790,42850,14960,5810,1320,0,22090,69.75
2023-05-14,jueves - 14,38680,8800,23880,1050,4950,0,0,6000,69.75
2023-05-12,martes -12,93257,9550,55054,6203,22450,0,0,28653,69.75
2023-05-11,lunes- 11,159960,32880,107000,6950,13130,3190,0,23270,0
2023-05-09,Sábado -  9,12350,1050,10200,450,650,0,0,1100,0
2023-05-07,Mayo - jueves 7,30760,1250,20490,3050,5970,6680,0,15700,0
2023-05-05,Mayo - Martes 5,39750,5140,10070,22350,2190,13700,0,38240,68.75
2023-05-04,Mayo - lunes   4,42480,2700,32000,4280,3500,21000,0,28780,0
2023-05-02,Mayo 2 sábado,33310,5600,17710,7950,2050,0,0,10000,0
2023-04-30,miércoles 30,37990,14450,18910,1820,2810,0,0,4630,0
2023-04-29,lunes 29 ,31630,700,30160,0,770,900,0,1670,0
2023-04-27,sábado 27,63322,53372,9500,0,450,0,0,450,0
2023-04-26,viernes 26,36440,3000,21940,9300,2200,0,0,11500,0
2023-04-25,jueves 25,63520,20150,23220,19750,400,1752,0,21902,0
2023-04-24,miércoles 24,57910,2500,43560,10450,1400,0,0,11850,0
2023-04-23,martes 23,116513,23800,61620,27313,3780,0,0,31093,0
2023-04-22,lunes 22,52090,14420,11030,21220,5420,51170,0,77810,0
2023-04-20,sábado 20,14140,2900,9390,1850,0,0,0,1850,0
2023-04-19,viernes 19,29130,4200,20450,1620,2860,16825,0,21305,72.5
2023-04-18,jueves 18,41960,1480,38580,420,1480,10650,0,12550,72.25
2023-04-17,miercoles 17,60950,20090,35770,0,5090,0,0,5090,72.25
2023-04-16,martes 16,0,0,0,0,0,0,0,0,72.25
2023-04-14,Martes 14,54410,3600,44960,5250,600,4087,0,9937,0
2023-04-13,sábado 13,46760,3960,38840,0,3960,0,0,3960,0
2023-04-12,viernes 12,70135,19860,21550,17585,11140,12285,0,41010,0
2023-04-11,jueves 11,95740,14640,28970,47130,5000,0,0,52130,0
2023-04-08,lunes 8,31270,2150,20670,6300,2150,0,0,8450,71.25
2023-04-08,Miercoles 8,69190,2250,58090,7950,900,7360,0,16210,0
2023-04-07,Martes 7,38860,10220,24320,1600,2720,0,0,4320,0
2023-04-06,sábado 6,28840,0,24380,4460,0,0,0,4460,70.75
2023-04-06,lunes 6,33330,9620,11690,9620,2400,0,0,12020,0
2023-04-05,viernes 5,36620,1300,28930,0,6390,32036,0,38426,70.75
2023-04-04,jueves 4,12780,0,12380,400,0,0,0,400,0
2023-04-04,sábado 4,17260,3000,9360,1900,3000,0,0,4900,0
2023-04-03,viernes 3,28610,1600,25410,0,1600,0,0,1600,0
2023-04-02,martes 2,95900,20340,39220,34800,1540,14100,0,50440,0
2023-04-02,jueves 2,119655,73655,35200,5900,4900,0,0,10800,0
2023-04-01,lunes 1,22820,960,20900,0,960,6100,0,7060,0
2023-04-01,miercoles 1,34730,4600,19750,4580,5800,56155,0,66535,0
2023-03-29,Sábado 29,33820,0,18780,7240,7800,0,0,15040,0
2023-03-28,Viernes 28,72090,0,45120,21220,5750,4700,0,31670,0
2023-03-27,Jueves 27,63920,0,46580,14940,2400,0,0,17340,0
2023-03-26,miercoles 26,71920,0,53530,13480,4910,2100,0,20490,0
2023-03-25,martes 25 ,62930,0,34750,25030,3150,7400,0,35580,0
2023-03-24,Lunes 24,77370,0,69500,6800,1070,0,0,7870,0
2023-03-21,Sábado 21,21100,0,15050,2250,3800,0,0,6050,0
2023-03-20,viernes 20,109360,0,33060,36870,39430,12600,0,88900,0
2023-03-19,Jueves 19,103450,9700,90200,0,3550,0,0,3550,0
2023-03-18,Miércoles 18,48710,0,29990,11620,7100,0,0,18720,0
2023-03-17,Martes 17,73860,0,47350,4100,22410,0,0,26510,0
2023-03-15,Sábado 15,34150,0,29450,0,4700,0,0,4700,0
2023-03-14,Viernes 14,425810,0,23890,388730,13190,0,0,401920,0
2023-03-13,Jueves 13,59160,2800,47650,4210,4500,0,0,8710,0
2023-03-11,Martes 11,52920,0,41180,3740,8000,0,0,11740,0
2023-03-10,Lunes 10,42240,0,39240,0,3000,0,0,3000,0
2023-03-08,sábado 8,40060,7100,29660,2900,400,0,0,3300,0
2023-03-07,viernes 7,51730,0,35690,10900,5140,0,0,16040,0
2023-03-06,jueves 6,25280,0,20380,3000,1900,0,0,4900,0
2023-03-05,miercoles 5,39740,0,34630,4320,790,14200,0,19310,0
2023-03-04,martes 4,41110,0,29660,3890,7560,0,0,11450,0
2023-03-03,Lunes 3,97460,0,85560,1650,10250,0,0,11900,0
2023-03-01,sábado 1º,66190,0,59370,0,6820,0,0,6820,0
2022-10-27,Sábado 27,70420,0,46160,8310,15950,0,0,24260,0
2022-10-26,Viernes 26,129050,45620,20740,17000,0,0,0,17000,0
2022-10-25,Jueves 25,67220,0,52200,950,14070,0,0,15020,0
2022-10-24,Miércoles 24,64230,0,60010,1450,2770,2260,0,6480,0
2022-10-23,Martes 23,145878,16408,79570,26520,23380,16408,0,66308,0
2022-10-22,Lunes 22,112570,4770,80840,10140,16820,30000,0,56960,0
2022-10-20,sábado 20,157340,0,74900,2100,80340,0,0,82440,0
2022-10-18,jueves 18,117090,0,68680,28450,19960,0,0,48410,0
2022-10-16,martes 16,117090,0,68680,28450,19960,0,0,48410,0
2022-10-15,lunes 15,100770,0,80600,10220,9950,0,0,20170,0
2022-10-13,sábado 13,125358,62058,43150,5800,14350,0,0,20150,0
2022-10-12,viernes 12,151241,0,78970,38911,33360,0,0,72271,0
2022-10-11,jueves 11,100660,0,79650,800,20210,0,0,21010,0
2022-10-10,miércoles 10,96220,0,94420,1800,0,0,0,1800,0
2022-10-09,martes 9,188240,0,87750,94750,5740,10300,0,110790,0
2022-10-08,Lunes 8,99690,0,87410,680,11600,62058,0,74338,0
2022-10-06,sábado 6,47980,0,37780,4500,5700,0,0,10200,0
2022-10-05,viernes 5 ,151370,0,107270,27750,16350,0,0,44100,0
2022-10-04,jueves 4,117575,35960,62220,14685,4710,830,0,20225,0
2022-10-02,martes 2,182690,0,57690,119100,5900,0,0,125000,0
2022-10-01,lunes 1,92180,0,78730,8000,5450,0,0,13450,0
2022-09-30,Martes 30,80390,0,51710,11100,17580,3350,0,32030,0
2022-09-29,lunes 29 ,114750,14000,88700,1900,10150,0,0,12050,0
2022-09-27,Sábado 27,27800,22950,4150,700,0,0,0,700,0
2022-09-26,Viernes 26,102300,1500,59370,35430,6000,1085,0,42515,0
2022-09-25,Jueves 25,55860,0,46580,550,8730,0,0,9280,0
2022-09-23,Martes 23,75720,0,33870,27450,14400,1500,0,43350,0
2022-09-22,Lunes 22,68620,0,53710,7310,7600,0,0,14910,0
2022-09-20,sábado 20,57320,0,42690,9180,5450,0,0,14630,0
2022-09-19,Viernes 19,80900,2800,38310,3550,36240,0,0,39790,0
2022-09-18,Jueves 18,42900,0,21480,8900,12520,0,0,21420,0
2022-09-17,Miercoles 17,54840,0,32110,12880,9850,0,0,22730,0
2022-09-16,Martes 16,131346,8766,53820,26400,42360,2800,0,71560,0
2022-09-15,lunes 15,98460,9850,73340,0,15270,0,0,15270,0
2022-09-13,Sábado 13,93230,0,58930,20200,14100,0,0,34300,0
2022-09-12,viernes 12,88020,1200,63990,7750,15080,0,0,22830,0
2022-09-11,Jueves 11,75870,0,61540,6180,8150,0,0,14330,0
2022-09-10,Miércoles 10,129120,0,86170,35100,7850,0,0,42950,0
2022-09-09,Martes 9,98050,13260,39460,4310,41020,19500,0,64830,0
2022-09-08,Lunes 8,88600,9100,51350,7050,21100,9850,0,38000,0
2022-09-06,sábado 6,78430,0,49280,12000,17150,0,0,29150,0
2022-09-05,viernes 5,95940,0,75090,14750,6100,0,0,20850,0
2022-09-04,Jueves 4,117370,0,60460,2850,54060,0,0,56910,0
2022-09-03,miércoles 3,102250,0,31500,58550,12200,1200,0,71950,0
2022-09-02,Martes 2,95370,19400,57520,10600,7850,14000,0,32450,0
2022-09-01,Lunes 1 ro.,89800,0,69890,550,19360,19400,0,39310,0
2022-08-31,Lunes 31,40120,0,31570,6500,2050,0,0,8550,0
2022-08-31,Sábado 31,0,19300,0,0,0,0,0,0,0
2022-08-31,Martes 31,113490,0,66490,9050,37950,0,0,47000,0
2022-08-30,Viernes 30,178722,0,44610,1800,132312,19850,0,153962,0
2022-08-30,Miércoles 30,37500,0,28500,9000,0,0,0,9000,0
2022-08-30,Lunes 30,74050,0,53270,7480,13300,3500,0,24280,0
2022-08-30, Jueves 30,129650,0,62500,40650,26500,0,0,67150,0
2022-08-30,Martes 30,214080,0,86310,52100,75670,0,0,127770,0
2022-08-30, Jueves 30,281830,0,231730,16700,33400,0,0,50100,0
2022-08-29,Jueves 29,72950,0,27400,36000,9550,0,0,45550,0
2022-08-29,Sábado 29,17240,0,4640,6300,6300,36250,0,48850,0
2022-08-29,Martes 29,34470,0,19470,14000,1000,0,0,15000,0
2022-08-29,Miércoles 29 ,325641,18900,219421,7250,80070,0,0,87320,0
2022-08-29,viernes 29 ,164480,0,126570,8500,29410,0,0,37910,0
2022-08-29,Lunes 29 ,144330,0,127080,4300,12950,0,0,17250,0
2022-08-29,Miércoles 29,219300,0,163280,6700,49320,0,0,56020,0
2022-08-28,Miércoles 28,39730,0,20430,17100,2200,0,0,19300,0
2022-08-28,Viernes 28,31900,0,19700,6050,6150,0,0,12200,0
2022-08-28,Lunes 28,21190,1500,9990,0,9700,0,0,9700,0
2022-08-28,Sábado 28,39450,0,29550,0,9900,0,0,9900,0
2022-08-28,Martes 28 ,106650,0,84100,10050,12500,0,0,22550,0
2022-08-28,Jueves 28 ,72340,0,69940,0,2400,0,0,2400,0
2022-08-28,Martes 28,373620,278150,84600,10870,0,68000,0,78870,0
2022-08-27,Martes 27,146950,118260,16130,5220,7340,0,0,12560,0
2022-08-27,Jueves 27,18580,0,10880,4550,3150,2601,0,10301,0
2022-08-27,Martes 27,40090,0,33560,2000,4530,0,0,6530,0
2022-08-27,Lunes 27,50310,0,33860,3050,13400,0,0,16450,0
2022-08-27,Miércoles 27,114990,0,64350,4300,46340,0,0,50640,0
2022-08-27, Sábado 27,133450,0,98280,15450,19720,0,0,35170,0
2022-08-27,Lunes 27,422370,85500,273380,25490,38000,11000,0,74490,0
2022-08-26,Lunes 26,49420,0,34670,4100,10650,0,0,14750,0
2022-08-26,Miércoles 26,60500,0,53600,6900,0,2601,0,9501,0
2022-08-26,Sábado 26 ,58490,0,51890,700,5900,0,0,6600,0
2022-08-26,Lunes 26,135910,22400,104530,4880,4100,0,0,8980,0
2022-08-26,Martes 26,75520,0,43120,30050,2350,0,0,32400,0
2022-08-26,Viernes 26,152769,51159,87060,4050,10500,0,0,14550,0
2022-08-25, Viernes 25,62241,2101,50640,1250,8250,0,0,9500,0
2022-08-25,miercoles 25,55750,0,61100,-22000,16650,0,0,-5350,0
2022-08-25,Sábado 25,104910,0,35410,25350,44150,0,0,69500,0
2022-08-25,Lunes 25,158920,0,115540,30170,13210,0,0,43380,0
2022-08-25,Jueves 25 ,120990,0,54960,25080,40950,51590,0,117620,0
2022-08-24,sábado 24,30980,0,21540,0,9440,118260,0,127700,0
2022-08-24, Jueves 24,13850,0,12200,0,1650,0,0,1650,0
2022-08-24,Sábado 24,37350,31400,0,5950,0,0,0,5950,0
2022-08-24,Martes 24,684929,0,104480,580449,0,0,0,580449,0
2022-08-24,viernes 24,136070,0,58880,67450,9740,0,0,77190,0
2022-08-24,Miércoles 24 ,261802,130162,92640,12850,26150,130162,0,169162,0
2022-08-23,Viernes 23,94360,0,84020,0,10340,0,0,10340,0
2022-08-23,Miércoles 23,60110,0,31170,5100,23840,5040,0,33980,0
2022-08-23,Viernes 23,57720,7200,46870,1000,2650,22400,0,26050,0
2022-08-23,Lunes 23,76560,0,53770,12200,10590,0,0,22790,0
2022-08-23,Jueves 23,112610,0,75150,30650,6810,0,0,37460,0
2022-08-23, Sábado23,72550,0,41500,5900,25150,0,0,31050,0
2022-08-23,Martes 23,81230,0,70680,1800,8750,0,0,10550,0
2022-08-23,Jueves 23 ,189320,0,116980,62780,9560,0,0,72340,0
2022-08-22,Jueves 22,184810,0,163080,9650,12080,0,0,21730,0
2022-08-22,Sábado 22,63390,0,56790,0,6600,0,0,6600,0
2022-08-22,Martes 22,69250,0,32490,27520,9240,1440,0,38200,0
2022-08-22,Jueves 22,74380,53450,1980,18950,0,0,0,18950,0
2022-08-22,miércoles 22,86390,0,48670,20350,17370,20500,0,58220,0
2022-08-22,Viernes 22,120885,0,80670,18415,21800,0,0,40215,0
2022-08-22,miércoles 22 ,213079,94499,88280,1500,28800,55499,0,85799,0
2022-08-21,Miercoles 21,89060,7280,55080,0,26700,0,0,26700,0
2022-08-21,Viernes 21,51770,0,39030,5220,7520,0,0,12740,0
2022-08-21,Sábado 21,46800,0,39900,0,6900,0,0,6900,0
2022-08-21,Martes 21,102500,0,92700,1300,8500,0,0,9800,0
2022-08-21,Jueves 21 ,158510,0,119010,20800,18700,19800,0,59300,0
2022-08-21,Martes 21,287860,0,206990,26370,54500,68250,0,149120,0
2022-08-20,Martes 20,101530,0,86250,6000,9280,3300,0,18580,0
2022-08-20,Jueves 20,100070,0,66660,6640,26770,0,0,33410,0
2022-08-20,Martes 20,34560,26720,700,7140,0,0,0,7140,0
2022-08-20,viernes 20,217233,84233,119250,0,13750,6000,0,19750,0
2022-08-20,Lunes 20 ,138720,14000,84570,6400,33750,40194,0,80344,0
2022-08-20,Miércoles 20 ,102280,0,54730,16050,31500,0,0,47550,0
2022-08-20,Sabado 20,85550,0,77800,0,7750,0,0,7750,0
2022-08-20,Lunes 20 ,235700,0,175300,9500,50900,0,0,60400,0
2022-08-19,lunes 19,41500,0,37360,2050,2090,2410,0,6550,0
2022-08-19,Miercoles 19,45680,0,40690,1350,3640,0,0,4990,0
2022-08-19,Sábado 19 ,43180,0,41230,0,1950,0,0,1950,0
2022-08-19,Lunes 19,62880,41830,1100,19950,0,0,0,19950,0
2022-08-19,Jueves 19,81120,0,58990,16000,6130,0,0,22130,0
2022-08-19,Martes 19,205890,0,116190,36200,53500,32974,0,122674,0
2022-08-19,Viernes 19 ,112830,0,96600,1250,14980,0,0,16230,0
2022-08-18,Martes 18,44275,0,37670,2255,4350,0,0,6605,0
2022-08-18,Viernes 18,111320,0,99590,4400,7330,0,0,11730,0
2022-08-18,Miercoles 18,55659,9490,28720,10049,7400,50460,0,67909,0
2022-08-18,Sabado18,108590,0,107890,0,700,0,0,700,0
2022-08-18,Lunes 18 ,178330,20500,93330,50800,13700,0,0,64500,0
2022-08-18, jueves 18,93570,0,69470,4800,19300,0,0,24100,0
2022-08-18,Sábado 18 ,130580,0,121280,0,9300,0,0,9300,0
2022-08-17,Sábado 17,56990,0,51440,2500,3050,6000,0,11550,0
2022-08-17,Lunes 17,81680,0,54530,20250,6900,0,0,27150,0
2022-08-17,Sabado 17,52220,32470,12000,7750,0,0,0,7750,0
2022-08-17,Martes 17,58270,0,54820,2300,1150,0,0,3450,0
2022-08-17,Viernes 17 ,114780,0,95230,5400,14150,0,0,19550,0
2022-08-17,Miércoles 17,159700,0,66130,75000,18570,0,0,93570,0
2022-08-17, Viernes 17,313520,0,281430,16420,15670,6500,0,38590,0
2022-08-16,viernes 16,96690,0,48540,6650,41500,0,0,48150,0
2022-08-16,Miércoles 16,240001,36001,46270,153000,4730,26000,0,183730,0
2022-08-16,Viernes 16,291490,219080,37410,32700,2300,21900,0,56900,0
2022-08-16,Jueves 16,141910,0,107660,20500,13750,0,0,34250,0
2022-08-16,Sábado 16,189850,0,169970,7000,12880,0,0,19880,0
2022-08-16,Martes 16 ,169314,54944,87180,19250,7940,0,0,27190,0
2022-08-16,Jueves 16 ,253340,0,230270,2500,20570,0,0,23070,0
2022-08-15,Jueves 15,80970,0,42040,12300,26630,17000,0,55930,0
2022-08-15,Sábado 15,41790,0,39790,0,2000,0,0,2000,0
2022-08-15,Martes 15,26650,0,19930,6720,0,0,0,6720,0
2022-08-15,Jueves 15,61670,57410,960,3300,0,0,0,3300,0
2022-08-15,Viernes 15,109260,0,69810,16000,23450,0,0,39450,0
2022-08-15,Lunes 15 ,138890,0,103590,3200,32100,0,0,35300,0
2022-08-15,Miercoles 15 ,142240,0,131290,2500,8450,0,0,10950,0
2022-08-14,Miércoles 14,52070,0,33970,2200,15900,0,0,18100,0
2022-08-14,Viernes 14,38050,0,31550,5700,800,0,0,6500,0
2022-08-14, Lunes  14,99980,0,72490,20650,6840,0,0,27490,0
2022-08-14,Miercoles 14,33150,22000,0,11150,0,0,0,11150,0
2022-08-14,Sábado 14,92540,0,49120,570,42850,0,0,43420,0
2022-08-14, Martes 14,90960,0,82730,4050,4180,0,0,8230,0
2022-08-14,Jueves 14,76310,0,62110,3800,10400,0,0,14200,0
2022-08-14,Martes 14,254870,0,198870,48100,7900,85500,0,141500,0
2022-08-13,Martes 13,60950,0,23450,37500,0,0,0,37500,0
2022-08-13,Jueves 13,51520,0,38250,5300,7970,0,0,13270,0
2022-08-13,Lunes 13,195960,0,154220,5750,35990,0,0,41740,0
2022-08-13,Miércoles 13,98130,71930,0,26200,0,0,0,26200,0
2022-08-13,Sábado 13 ,93800,0,67400,16000,10400,0,0,26400,0
2022-08-13,Lunes 13,216100,0,103750,5390,106960,0,0,112350,0
2022-08-12,Lunes 12,120400,0,40000,76100,4300,0,0,80400,0
2022-08-12,Miércoles 12,41500,0,35080,0,6420,0,0,6420,0
2022-08-12, Sábado 12,67680,0,57810,0,9870,0,0,9870,0
2022-08-12,Lunes  12,73610,72050,1560,0,0,0,0,0,0
2022-08-12,Jueves 12,58520,0,40560,6950,11010,0,0,17960,0
2022-08-12,Martes 12,162330,147110,3100,12120,0,0,0,12120,0
2022-08-12,Viernes 12,103780,0,63180,9500,31100,14750,0,55350,0
2022-08-11,Martes 11,103110,0,80900,0,22210,0,0,22210,0
2022-08-11,Viernes 11,27300,0,21550,3300,2450,0,0,5750,0
2022-08-11,Miércoles 11,102300,0,99270,0,3030,31233,0,34263,0
2022-08-11,Sábado 11,49870,0,36240,0,13630,0,0,13630,0
2022-08-11,Jueves 11 ,121500,0,100600,7400,13500,0,0,20900,0
2022-08-11,Sábado 11,106910,0,80960,9800,16150,0,0,25950,0
2022-08-10,sábado 10,64200,0,47600,0,16600,0,0,16600,0
2022-08-10,Lunes 10,37960,0,34580,0,3380,0,0,3380,0
2022-08-10,Jueves 10,78310,0,76860,750,700,0,0,1450,0
2022-08-10,Sábado10,20270,15150,0,5120,0,0,0,5120,0
2022-08-10,Martes 10,59200,0,34450,21200,3550,0,0,24750,0
2022-08-10,Viernes 10,92200,0,86550,4600,1050,29960,0,35610,0
2022-08-10,Miercoles 10,99750,0,53180,18800,27770,0,0,46570,0
2022-08-10,Viernes 10,310140,0,286140,6900,17100,0,0,24000,0
2022-08-09,viernes 9,60510,12400,35560,2900,9650,0,0,12550,0
2022-08-09,Sábado 09,78680,0,52880,3150,22650,0,0,25800,0
2022-08-09,Miércoles 9,51860,0,43440,5120,3300,2601,0,11021,0
2022-08-09,Jueves 9 ,66780,0,46180,14800,5800,0,0,20600,0
2022-08-09,Sábado 9,121130,0,102130,15000,4000,0,0,19000,0
2022-08-09, Martes 9,106910,10600,78910,6800,10600,0,0,17400,0
2022-08-09,Jueves 9 ,348550,8400,270800,24820,44530,0,0,69350,0
2022-08-08,Jueves 8,255110,0,142900,10310,101900,0,0,112210,0
2022-08-08,Viernes 08,43550,0,42120,0,1430,3660,0,5090,0
2022-08-08,Jueves 8,77450,47440,3750,26260,0,0,0,26260,0
2022-08-08, miercoles 8,66060,0,53360,1500,11200,0,0,12700,0
2022-08-08,Viernes 8,60950,0,39750,0,21200,0,0,21200,0
2022-08-08,Lunes 8,114740,88240,16600,9900,0,0,0,9900,0
2022-08-07,miércoles 7,64900,0,56400,1900,6600,13300,0,21800,0
2022-08-07,Jueves 07,35720,3300,15570,5350,11500,0,0,16850,0
2022-08-07,Lunes 7 ,55280,47100,450,7730,0,0,0,7730,0
2022-08-07,Sábado 7,46660,0,40160,0,6500,12960,0,19460,0
2022-08-07,Martes 7,161400,7600,116650,25400,11750,0,0,37150,0
2022-08-07,Jueves 7,83090,0,69090,0,14000,0,0,14000,0
2022-08-07,Martes 7,98500,0,73000,8400,17100,0,0,25500,0
2022-08-06,Martes 6,85970,0,80570,3400,2000,12400,0,17800,0
2022-08-06,Martes 6,38350,0,35100,3250,0,0,0,3250,0
2022-08-06,Viernes 6,97277,38640,10037,1300,47300,0,0,48600,0
2022-08-06,Lunes 6,197540,97400,84020,6850,9270,116892,0,133012,0
2022-08-06,Miércoles 6,60950,0,39750,0,21200,0,0,21200,0
2022-08-06, Sábado 6,154320,0,143390,0,10930,0,0,10930,0
2022-08-06,Lunes 6,116839,6729,86610,1500,22000,6729,0,30229,0
2022-08-05,Lunes 5,90430,0,82700,0,7730,0,0,7730,0
2022-08-05,Miércoles 05,142730,10800,68770,24960,38200,6257,0,69417,0
2022-08-05,Sábado 5,88250,36250,41150,2700,8150,0,0,10850,0
2022-08-05,Lunes 5,27180,0,12130,3300,11750,0,0,15050,0
2022-08-05,Jueves 5,79790,12300,66790,0,700,0,0,700,0
2022-08-05,Martes 5,111050,0,105270,5100,680,0,0,5780,0
2022-08-05, Viernes 5,181664,43274,80890,25000,32500,0,0,57500,0
2022-08-04,Martes 4,59630,21450,26950,2950,8280,0,0,11230,0
2022-08-04,viernes 4,42310,0,27750,7260,7300,0,0,14560,0
2022-08-04,miercoles 4 ,59920,0,56470,0,3450,12300,0,15750,0
2022-08-04, Sabado 4,49340,0,27190,10200,11950,5400,0,27550,0
2022-08-04,Lunes 4,130590,0,115590,8700,6300,0,0,15000,0
2022-08-04,Sábado 4,76560,0,50710,800,25050,0,0,25850,0
2022-08-03,Lunes 03,59930,0,37830,16810,5290,0,0,22100,0
2022-08-03,Jueves 3,22420,0,14070,1300,7050,0,0,8350,0
2022-08-03,Sábado 3,22650,0,18900,0,3750,0,0,3750,0
2022-08-03,viernes 3 ,116134,0,92580,6350,17204,0,0,23554,0
2022-08-03,Miércoles 3  ,191780,0,112360,4400,75020,0,0,79420,0
2022-08-03,Viernes 3,166260,0,148710,5700,11850,0,0,17550,0
2022-08-02,Miércoles 2,139100,0,134450,0,4650,0,0,4650,0
2022-08-02,Viernes 2,27180,0,36930,6750,0,0,0,6750,0
2022-08-02, Jueves 2,64590,0,52140,1200,11250,0,0,12450,0
2022-08-02,Martes 2 ,171830,0,101180,27700,42950,0,0,70650,0
2022-08-02,Jueves 2,136400,0,75050,43050,18300,0,0,61350,0
2022-08-01,Martes 1,26850,0,10050,9750,7050,0,0,16800,0
2022-08-01,Jueves 1,52730,0,22330,12400,18000,0,0,30400,0
2022-08-01,Viernes 1,92756,0,30300,49956,12500,0,0,62456,0
2022-08-01,Lunes 1,115160,0,85030,21230,8900,7639,0,37769,0
2022-08-01,Miércoles 1,196310,0,156850,30700,8760,0,0,39460,0
2022-07-31,Lunes 31,131620,10000,107220,7150,7250,29000,0,43400,0
2022-07-29,Sábado 29,252100,0,219350,4100,28650,0,0,32750,0
2022-07-28,Viernes 28,297724,0,82910,190324,24490,0,0,214814,0
2022-07-27,Jueves 27,96050,0,68700,400,26950,0,0,27350,0
2022-07-26,Miércoles 26,479060,234000,130080,88280,26700,0,0,114980,0
2022-07-25,Martes 25,163720,4600,83370,56050,19700,0,0,75750,0
2022-07-24,Lunes 24,179918,0,106400,32468,41050,0,0,73518,0
2022-07-22,Sábado 22,95090,0,58230,11400,25460,0,0,36860,0
2022-07-21,Viernes 21,414510,6500,332370,7600,68040,0,0,75640,0
2022-07-20,jueves 20,259730,0,228860,8800,22070,4600,0,35470,0
2022-07-19,Miércoles 19,223530,47000,158780,9150,8600,0,0,17750,0
2022-07-18,martes 18,179792,0,153092,11450,15250,47000,0,73700,0
2022-07-17,lunes 17,273320,0,124920,132200,16200,23000,0,171400,0
2022-07-15,Sábado 15,60800,0,39500,800,20500,0,0,21300,0
2022-07-14,Viernes 14,181500,31950,109200,22050,18300,0,0,40350,0
2022-07-13,Jueves 13,210930,0,163180,13600,34150,0,0,47750,0
2022-07-11,Martes 11,204450,0,136700,30800,36950,0,0,67750,0
2022-07-10,Lunes 10,180570,0,127670,15100,37800,12000,0,64900,0
2022-07-08,Sábado 8,116200,0,73100,31600,11500,0,0,43100,0
2022-07-07,viernes 7,419260,0,223280,150000,45980,75500,0,271480,0
2022-07-06,Jueves 6,161400,0,133800,0,27600,377500,0,405100,0
2022-07-05,Miércoles 5,248580,0,189780,46400,12400,0,0,58800,0
2022-07-04,Martes 4,288740,0,205960,49820,32960,2700,0,85480,0
2022-07-03,Lunes 3,392280,0,295330,26700,70250,0,0,96950,0
2022-06-26,Sábado 26,64900,0,46850,1500,16550,0,0,18050,0
2022-06-25,Viernes 25,273374,19000,182330,3900,68144,0,0,72044,0
2022-06-24,Jueves 24,170120,0,126070,12450,31600,0,0,44050,0
2022-06-23,Miércoles 23,234290,0,194690,24300,15300,0,0,39600,0
2022-06-22,Martes 22,91060,0,61650,27260,2150,0,0,29410,0
2022-06-21,Lunes 21,119950,0,92030,10870,17050,0,0,27920,0
2022-06-19,Sábado 19,113080,0,92080,2200,18800,0,0,21000,0
2022-06-18,Viernes 18,118080,0,87520,1900,28660,0,0,30560,0
2022-06-17,Jueves 17,145540,0,130740,2600,12200,0,0,14800,0
2022-06-16,Miércoles 16,165530,0,129960,4000,31570,10800,0,46370,0
2022-06-15,Martes 15,300220,0,191920,96200,12100,52087,0,160387,0
2022-06-14,Lunes 14,31880,0,12230,11250,8400,0,0,19650,0
2022-06-12,Sábado 12,82730,0,42530,24700,15500,0,0,40200,0
2022-06-11,Viernes 11,130000,0,100910,3700,25390,0,0,29090,0
2022-06-10,Jueves 10,148290,0,68390,50000,29900,0,0,79900,0
2022-06-09,Miercoles 9,129010,0,112020,1100,15890,0,0,16990,0
2022-06-08,Martes 8,128320,0,106520,15100,6700,0,0,21800,0
2022-06-07,Lunes 7,133920,16900,80270,11000,25750,16900,0,53650,0
2022-06-05,Sábado 5,71850,0,55150,6850,9850,0,0,16700,0
2022-06-04,Viernes 4,121240,0,92740,5000,23500,12200,0,40700,0
2022-06-03,Jueves 3,174850,0,106350,51800,16700,0,0,68500,0
2022-06-02,Martes 2,228800,0,203620,7900,17280,0,0,25180,0
2022-06-02,Miércoles 2,146160,0,104660,10200,31300,0,0,41500,0
2022-05-31,Jueves 31,136758,0,73900,47028,15830,0,0,62858,0
2022-05-30,Miércoles 30,101563,31673,51390,4500,14000,0,0,18500,0
2022-05-29,Martes 29,114990,0,106140,0,8850,36000,0,44850,0
2022-05-28,Lunes 28,127850,0,88150,10000,29700,0,0,39700,0
2022-05-26,Sábado 26,88350,0,76810,0,11540,0,0,11540,0
2022-05-25,viernes 25,260620,0,215840,12800,31980,21000,0,65780,0
2022-05-23,Miercoles 23 ,165800,0,117000,9450,39350,18000,0,66800,0
2022-05-22,Martes  22,135990,12000,98210,10300,15480,0,0,25780,0
2022-05-21,Lunes 21 ,77200,0,57100,12400,7700,51600,0,71700,0
2022-05-19,Sábado 19,177800,0,135700,13800,28300,0,0,42100,0
2022-05-18, Viernes  18,183180,0,110710,26720,45750,0,0,72470,0
2022-05-17,Jueves 17,146340,0,75090,66600,4650,0,0,71250,0
2022-05-16,Miércoles 16,185650,20200,67450,16400,81600,0,0,98000,0
2022-05-15,Martes 15,228870,0,137850,38400,52620,0,0,91020,0
2022-05-14,Lunes 14,160100,46800,75500,13000,24800,0,0,37800,0
2022-05-12,Sabado 12 ,72100,0,51000,21100,0,0,0,21100,0
2022-05-10,Jueves 10,57060,7560,30450,2000,17050,0,0,19050,0
2022-05-09,Miercoles 9 ,86330,0,35680,25700,24950,7560,0,58210,0
2022-05-08,martes 8,230660,118000,80510,11800,20350,30976,0,63126,0
2022-05-07,Lunes 7,138180,1650,100430,16700,19400,103200,0,139300,0
2022-05-05,Sábado 5 ,142000,0,87550,9600,44850,0,0,54450,0
2022-05-04, viernes 4,73430,5300,51250,6550,10330,6250,0,23130,0
2022-05-03,Jueves 3,98730,0,77860,9800,11070,0,0,20870,0
2022-05-02,Miércoles 2,232030,0,138580,53300,40150,0,0,93450,0
2022-04-30,Sábado 30 ,27210,0,21850,1200,4160,8400,0,13760,0
2022-04-29,viernes 29 ,51130,7050,32930,900,10250,8600,0,19750,0
2022-04-28, Jueves 28,194140,0,69840,115500,8800,0,0,124300,0
2022-04-27,Miércoles 27 ,90440,0,45250,6830,38360,0,0,45190,0
2022-04-26,Sábado 26,42190,0,42190,0,0,0,0,0,0
2022-04-26,Martes 26,95250,0,66450,18100,10700,0,0,28800,0
2022-04-25,Lunes  25,189336,24086,122100,35300,7850,0,0,43150,0
2022-04-23,Sábado 23 ,109600,0,64100,40000,5500,0,0,45500,0
2022-04-22,Viernes 22,130830,0,89330,10900,30600,0,0,41500,0
2022-04-21,Jueves 21,97390,0,52090,22350,22950,46000,0,91300,0
2022-04-20,Miércoles 20,154950,0,124450,2000,28500,0,0,30500,0
2022-04-19,Martes 19,86040,0,37500,12640,35900,0,0,48540,0
2022-04-18, Lunes 18,226180,0,64700,55230,106250,0,0,161480,0
2022-04-16,Sábado 16,81960,0,52360,0,29600,0,0,29600,0
2022-04-14,Jueves 14,92930,0,75980,9600,7350,0,0,16950,0
2022-04-13,Miercoles 13,73900,0,60240,800,12860,0,0,13660,0
2022-04-12,Martes 12,138270,0,80120,40150,18000,0,0,58150,0
2022-04-11,Lunes 11 ,73530,0,29830,18800,24900,0,0,43700,0
2022-04-09,sábado 9,46820,0,43620,0,3200,0,0,3200,0
2022-04-08,viernes 8,67220,0,51330,5150,10740,0,0,15890,0
2022-04-07, Jueves 7,133570,58000,49920,2200,23450,12000,0,37650,0
2022-04-06,miércoles 6,172330,0,115980,46200,10150,82086,0,138436,0
2022-04-05,martes 5,143810,0,102310,0,41500,0,0,41500,0
2022-04-04,lunes 4,100380,86570,13810,0,0,0,0,0,0
2022-03-31,Martes 31,31850,0,26450,0,5400,0,0,5400,0
2022-03-30,Lunes 30 ,313180,0,106880,199600,6700,0,0,206300,0
2022-03-28,Sábado 28,89280,0,40380,9700,39200,0,0,48900,0
2022-03-27,Viernes 27,122710,0,99330,2180,21200,0,0,23380,0
2022-03-26,Jueves 26,112370,21000,82570,0,8800,44400,0,53200,0
2022-03-24,Martes 24,176750,0,152800,5200,18750,0,0,23950,0
2022-03-23,Lunes 23,70390,0,38890,15600,15900,0,0,31500,0
2022-03-21,Sábado 21 ,50550,0,49550,0,1000,0,0,1000,0
2022-03-20,Viernes 20,68200,0,25050,23600,19550,0,0,43150,0
2022-03-19,Jueves 19,57350,0,22890,14000,20460,0,0,34460,0
2022-03-17,Martes 17,50250,0,17850,0,32400,0,0,32400,0
2022-03-16,Lunes 16,27450,0,19900,1000,6550,0,0,7550,0
2022-03-14,Sábado 14,80660,0,49580,0,31080,0,0,31080,0
2022-03-12,Jueves 12,66640,0,20600,32200,13840,0,0,46040,0
2022-03-11, Miércoles 11,40150,0,28050,12100,0,0,0,12100,0
2022-03-10,Martes 10 ,102250,0,70800,28650,2800,0,0,31450,0
2022-03-09,Lunes 9 ,63700,0,56200,5400,2100,0,0,7500,0
2022-03-07,sábado 7,45400,0,27950,12800,4650,0,0,17450,0
2022-03-06,viernes 6,128860,46000,59110,22850,900,0,0,23750,0
2022-03-05,jueves 5,91690,0,69340,15600,6750,0,0,22350,0
2022-03-03,Martes 3,39280,12000,27280,0,0,0,0,0,0
2022-03-02,Lunes 2 ,123900,87600,33300,3000,0,900,0,3900,0
2022-02-27,Lunes 27,154090,0,133290,18300,2500,0,0,20800,0
2022-02-25,Sábado25,28500,0,18700,4100,5700,0,0,9800,0
2022-02-24,Viernes 24,66630,28900,33650,0,4080,352268,0,356348,0
2022-02-23,Jueves 23,217591,145641,52900,8850,10200,50587,0,69637,0
2022-02-22,Miércoles 22,78840,1500,69100,0,8240,10050,0,18290,0
2022-02-21,Martes 21,105030,0,66830,31800,6400,28000,0,66200,0
2022-02-18,Sábado 18,14000,0,13100,900,0,0,0,900,0
2022-02-16,Jueves 16,116650,0,85850,0,30800,0,0,30800,0
2022-02-15,Miercoles15,87550,18000,27700,14500,27350,99900,0,141750,0
2022-02-13, Lunes 13,24880,0,14330,2000,8550,67041,0,77591,0
2022-02-11,Sábado 11,57580,0,14980,42100,500,0,0,42600,0
2022-02-10,Viernes 10,95800,0,42000,3800,50000,0,0,53800,0
2022-02-09,Jueves 9,119590,0,66290,3600,49700,0,0,53300,0
2022-02-08,Miércoles 8,128730,0,108330,0,20400,0,0,20400,0
2022-02-07,Martes 7,50960,0,25990,9170,15800,0,0,24970,0
2022-02-06,Lunes 6,83900,0,74300,0,9600,0,0,9600,0
2022-02-04,Sábado 4,46130,0,44430,0,1700,0,0,1700,0
2022-02-03,Viernes 3,113930,44400,53250,2400,13880,0,0,16280,0
2022-02-02,Jueves 2,91840,0,60850,0,30990,1500,0,32490,0
2022-02-01,Miércoles 1,117500,0,25800,28800,62900,0,0,91700,0
2022-01-30,sábado 30,117530,0,87830,3700,26000,0,0,29700,0
2022-01-29,Viernes 29,602835,43200,97300,460095,2240,0,0,462335,0
2022-01-28,Jueves 28,125120,22000,89570,0,13550,0,0,13550,0
2022-01-27,Miércoles 27,90360,0,58260,6500,25600,22000,0,54100,0
2022-01-26,Martes 26,89390,17600,54840,10250,6700,20800,0,37750,0
2022-01-25,Lunes 25,168690,0,112690,0,56000,102953,0,158953,0
2022-01-23,Sábado 23,513918,352268,150150,0,11500,43200,0,54700,0
2022-01-22,Viernes 22,108130,0,36950,1930,69250,0,0,71180,0
2022-01-21,Jueves 21,37830,0,21930,12800,3100,0,0,15900,0
2022-01-20,Miércoles 20,18800,0,16750,1200,850,0,0,2050,0
2022-01-19,Martes 19,33450,0,30950,0,2500,0,0,2500,0
2022-01-18,Lunes 18,47030,0,44530,0,2500,0,0,2500,0
2022-01-16,Sábado 16,95600,0,84600,2000,9000,0,0,11000,0
2022-01-15,Viernes 15,30800,0,29900,900,0,0,0,900,0
2022-01-14,Jueves 14,29300,0,20000,3900,5400,0,0,9300,0
2022-01-13,Miércoles 13,62480,0,35950,15600,10930,0,0,26530,0
2022-01-12,Martes 12,59700,0,57700,0,2000,0,0,2000,0
2022-01-11,Lunes 11,174910,0,155410,10200,9300,0,0,19500,0
2022-01-08,Viernes 8,151358,50578,94580,3300,2900,0,0,6200,0
2022-01-07,Jueves 7,381862,327212,43250,0,11400,327212,0,338612,0
2022-01-06,Miércoles 6,36700,0,30400,4800,1500,0,0,6300,0
2022-01-05,Martes 5,59860,0,17860,42000,0,0,0,42000,0
2022-01-04,Lunes 4,126770,0,82570,2600,41600,0,0,44200,0
2022-01-02,sábado 2,66380,0,46480,18000,1900,0,0,19900,0
2021-12-31,Miércoles 31,0,0,55350,2000,3400,0,0,5400,0
2021-12-30,Martes 30,199460,18900,177360,0,3200,0,0,3200,0
2021-12-29,Lunes 29,117600,0,74000,30100,13500,0,0,43600,0
2021-12-27,Sábado 27,118700,0,82600,15000,21100,0,0,36100,0
2021-12-26,Viernes 26,184000,0,119000,38300,26700,0,0,65000,0
2021-12-25,Jueves 25,206943,0,186045,20898,0,0,0,20898,0
2021-12-24,Miércoles 24,263870,0,171850,1620,90400,0,0,92020,0
2021-12-22,Lunes 22,134100,0,115700,0,18400,0,0,18400,0
2021-12-20,Sábado 20,49500,0,24600,20800,4100,0,0,24900,0
2021-12-19,Viernes 19,92840,0,78040,11500,3300,0,0,14800,0
2021-12-18,Jueves 18,99050,0,97850,0,1200,19800,0,21000,0
2021-12-17,Miércoles17,104350,0,84400,13250,6700,0,0,19950,0
2021-12-16,Martes 16,264603,110403,95170,27930,31100,0,0,59030,0
2021-12-13,Sábado13,99550,0,62400,0,37150,0,0,37150,0
2021-12-10,Miércoles 10,285020,76090,66330,134100,8500,0,0,142600,0
2021-12-09,Martes9,70100,6200,36900,0,27000,76090,0,103090,0
2021-12-08,Lunes 8,209800,0,116750,63300,29750,0,0,93050,0
2021-12-06,Sábado 6,144760,29300,43250,52000,20210,0,0,72210,0
2021-12-05,Viernes 5,84050,0,35800,36250,12000,0,0,48250,0
2021-12-04,Jueves 4,107140,0,71640,23600,11900,0,0,35500,0
2021-12-03,Miércoles 3,87550,0,64650,17200,5700,0,0,22900,0
2021-12-02,Martes 2,146440,0,123140,1600,21700,0,0,23300,0
2021-12-01,Lunes 1,89630,0,36080,30900,22650,0,0,53550,0
2021-11-30,Viernes 30,112530,0,81830,3200,27500,0,0,30700,0
2021-11-29,Jueves 29,160130,0,96200,36000,27930,0,0,63930,0
2021-11-29,Sábado29,155310,16500,90660,0,48150,0,0,48150,0
2021-11-28,Miércoles 28,137401,0,101900,13200,22301,0,0,35501,0
2021-11-28,Viernes 28,128350,0,108750,6800,12800,0,0,19600,0
2021-11-27,Martes 27,401040,85340,154450,156450,4800,0,0,161250,0
2021-11-27,Jueves 27,242500,0,199500,3300,39700,0,0,43000,0
2021-11-26,Lunes 26,105700,0,81850,14100,9750,0,0,23850,0
2021-11-26,Miércoles 26,216700,0,125000,63800,27900,0,0,91700,0
2021-11-25, Martes 25,285930,0,166780,45350,73800,16500,0,135650,0
2021-11-24,Sábado 24,95080,6800,57080,0,31200,0,0,31200,0
2021-11-24,Lunes 24,131820,0,98150,1200,32470,249300,0,282970,0
2021-11-23,Viernes 23,328780,17200,252010,21400,38170,0,0,59570,0
2021-11-22,Jueves 22,138950,0,87800,19350,31800,0,0,51150,0
2021-11-22,Sábado 22,130450,0,104200,1200,25050,0,0,26250,0
2021-11-21,Miércoles 21,161400,0,126100,0,35300,6800,0,42100,0
2021-11-21,Viernes 21,325460,0,255700,9300,60460,0,0,69760,0
2021-11-20,Martes 20,219250,0,93100,37900,88250,0,0,126150,0
2021-11-20,Jueves 20,159830,0,49130,95000,15700,0,0,110700,0
2021-11-19,Lunes 19,150350,0,81650,30700,38000,0,0,68700,0
2021-11-19,Miércoles 19,243637,102837,108400,5700,26700,102837,0,135237,0
2021-11-18,Martes 18,147160,0,119960,23400,3800,0,0,27200,0
2021-11-17,Sábado 17,88600,0,29350,34350,24900,0,0,59250,0
2021-11-17,Lunes 17,109800,0,86900,8000,14900,0,0,22900,0
2021-11-16,Viernes 16,281890,0,240450,19520,21920,0,0,41440,0
2021-11-15,Sábado 15,85950,0,63500,0,22450,0,0,22450,0
2021-11-14,Miércoles 14,103650,9200,55300,10050,29100,87800,0,126950,0
2021-11-14,Viernes 14,85900,0,73600,12300,0,0,0,12300,0
2021-11-13,Martes 13 ,142000,0,114900,10800,16300,9250,0,36350,0
2021-11-13,Jueves 13,197180,0,167280,13600,16300,0,0,29900,0
2021-11-12,Lunes 12,2844118,19000,74100,2735818,15200,0,0,2751018,0
2021-11-12, Miércoles 12,229460,0,199610,11700,18150,64000,0,93850,0
2021-11-10,Sábado 10,76750,0,73750,0,3000,0,0,3000,0
2021-11-10, Lunes 10,217522,0,100450,59622,57450,0,0,117072,0
2021-11-09, Viernes 9,221250,0,199550,20400,1300,19000,0,40700,0
2021-11-08,Jueves 8,105200,0,62500,30400,12300,17200,0,59900,0
2021-11-08,Sábado 8,139675,0,103100,3000,33575,0,0,36575,0
2021-11-07,Miércoles 7 ,246930,0,230730,4500,11700,0,0,16200,0
2021-11-07,Viernes 7,67810,0,57410,0,10400,0,0,10400,0
2021-11-06,Martes  6,103404,0,65700,33304,4400,20000,0,57704,0
2021-11-06,Jueves 6,242475,0,156075,36800,49600,0,0,86400,0
2021-11-05,Lunes 5,121940,5940,80900,12400,22700,0,0,35100,0
2021-11-05,Miércoles 5,181690,0,123890,43700,14100,0,0,57800,0
2021-11-04,Martes 4,181730,0,118280,43150,20300,0,0,63450,0
2021-11-03,Sábado  3,102770,0,75650,2920,24200,0,0,27120,0
2021-11-03,Lunes 3,163510,0,125260,26850,11400,0,0,38250,0
2021-11-02,Viernes 2,158340,0,109040,18400,30900,5940,0,55240,0
2021-11-01,Jueves 1,66500,0,38200,15400,12900,0,0,28300,0
2021-10-30,Miércoles 30,231850,0,216700,3600,11550,0,0,15150,0
2021-10-29,Martes 29,500490,239390,206600,21500,33000,0,0,54500,0
2021-10-28,Lunes 28,170870,0,136970,20600,13300,0,0,33900,0
2021-10-26, Sábado 26,131650,0,102450,12000,17200,0,0,29200,0
2021-10-25, Viernes 25,282040,22750,217990,9300,32000,0,0,41300,0
2021-10-24,Jueves 24,117070,0,81270,11000,24800,0,0,35800,0
2021-10-23,Miércoles 23,209640,0,144840,43300,21500,0,0,64800,0
2021-10-22,Martes 22,204180,0,148180,30800,25200,121178,0,177178,0
2021-10-19,Sábado 19,132390,0,82040,19300,31050,0,0,50350,0
2021-10-18,Viernes 18,202100,0,175500,5000,21600,0,0,26600,0
2021-10-17,Jueves 17,311450,19250,140900,49200,102100,0,0,151300,0
2021-10-16,Miércoles 16,158200,0,146000,3700,8500,0,0,12200,0
2021-10-15, Martes 15,120800,0,49750,13800,57250,0,0,71050,0
2021-10-14,Lunes 14,158530,0,142130,1000,15400,0,0,16400,0
2021-10-12,Sábado 12,150430,0,110500,17830,22100,0,0,39930,0
2021-10-11,Viernes 11,153900,15000,91600,13950,33350,0,0,47300,0
2021-10-10,Jueves 10,253100,0,112500,106000,34600,10000,0,150600,0
2021-10-09,Miércoles 9,148030,0,87150,50180,10700,25400,0,86280,0
2021-10-08,Martes 8,282239,108000,135739,33700,4800,0,0,38500,0
2021-10-07,Lunes 7,201600,65700,103450,7050,25400,0,0,32450,0
2021-10-05,Sábado 5,173620,0,104450,44170,25000,0,0,69170,0
2021-10-04,Viernes 4,208200,0,174000,15000,19200,65700,0,99900,0
2021-10-03,Jueves 3,143000,0,89950,1200,51850,108000,0,161050,0
2021-10-02,Miercoles 2,231831,0,145650,65031,21150,0,0,86181,0
2021-10-01,Martes 1,120920,0,39120,40200,41600,0,0,81800,0
2021-09-30,Viernes 30,348890,0,256900,48190,43800,0,0,91990,0
2021-09-29,Jueves 29,328400,0,263000,3700,61700,0,0,65400,0
2021-09-28,Miércoles 28,337100,0,205900,87500,43700,0,0,131200,0
2021-09-27,Martes 27,484150,0,171900,255000,57250,0,0,312250,0
2021-09-26,Lunes 26,454200,0,328800,109100,16300,0,0,125400,0
2021-09-24,Sábado 24,69800,0,9400,58000,2400,0,0,60400,0
2021-09-22,Jueves 22,226890,0,146950,5600,74340,0,0,79940,0
2021-09-21,Miércoles 21,177650,0,126350,39300,12000,0,0,51300,0
2021-09-20,Martes 20,134170,0,112970,6300,14900,0,0,21200,0
2021-09-19,Lunes 19,472950,0,186150,244300,42500,0,0,286800,0
2021-09-17, Sábado 17,149650,0,73450,7400,68800,0,0,76200,0
2021-09-16, Viernes 16,283840,0,239240,5800,38800,0,0,44600,0
2021-09-14, Miércoles 14,602373,0,399350,120700,82323,4900,0,207923,0
2021-09-13, Martes 13,138100,0,106000,9600,22500,0,0,32100,0
2021-09-12, Lunes 12,530533,1633,239200,210800,78900,0,0,289700,0
2021-09-10, Sábado 10,203100,0,149000,23000,31100,0,0,54100,0
2021-09-07,Miércoles 7,292980,0,220180,35700,37100,1700,0,74500,0
2021-09-06,martes 6 ,348699,181619,121080,9800,36200,70180,0,116180,0
2021-09-05,Lunes 5,236350,0,87450,32800,116100,36433,0,185333,0
2021-09-03,Sábado 3,293150,0,170600,79500,43050,0,0,122550,0
2021-09-02,Viernes 2,252540,0,205040,18000,29500,117619,0,165119,0
2021-09-01,Jueves 1,520130,0,442230,12500,65400,239390,0,317290,0
2021-08-31, Martes 31,310600,0,236300,18000,56300,78524,0,152824,0
2021-08-30,lunes 30,577900,0,483600,26000,68300,78524,0,172824,0
2021-08-28,sabado 28,108600,0,102500,0,6100,0,0,6100,0
2021-08-27, viernes 27,342900,0,126050,46200,170650,0,0,216850,0
2021-08-26,jueves 26,207000,0,156300,29300,21400,0,0,50700,0
2021-08-25,miercoles 25,415700,0,211710,77800,126190,0,0,203990,0
2021-08-24,Martes 24,193050,0,128000,24700,40350,0,0,65050,0
2021-08-23,Lunes 23,304330,0,208030,16100,80200,0,0,96300,0
2021-08-21, Sábado 21,158000,0,113200,23500,21300,0,0,44800,0
2021-08-20,Viernes 20,470400,0,427900,25600,16900,0,0,42500,0
2021-08-19,Jueves 19,413900,0,316000,45700,52200,0,0,97900,0
2021-08-18,Miércoles 18,361100,0,219250,93500,48350,0,0,141850,0
2021-08-17,Martes 17,544800,0,305000,208900,30900,0,0,239800,0
2021-08-16,Lunes 16,350100,0,225300,40600,84200,0,0,124800,0
2021-08-14,Sábado 14,206450,0,163850,25500,17100,0,0,42600,0
2021-08-13,Viernes 13,404290,0,325590,23500,55200,0,0,78700,0
2021-08-11,Miércoles 11,260600,0,186450,29800,44350,0,0,74150,0
2021-08-10,Martes 10,373950,0,181550,110900,81500,10400,0,202800,0
2021-08-09,Lunes 9,409070,0,295990,36180,76900,62200,0,175280,0
2021-08-07,Sábado 7,285530,0,204150,71380,10000,0,0,81380,0
2021-08-06,Viernes 6,433780,163400,207350,18000,45030,185220,0,248250,0
2021-08-05,Jueves 5,326250,0,240950,64200,21100,0,0,85300,0
2021-08-04,Miércoles 4,320950,0,266000,10100,44850,0,0,54950,0
2021-08-03,Martes 3,454800,0,235600,149700,69500,0,0,219200,0
2021-08-02,Lunes 2,390900,0,295400,17700,77800,0,0,95500,0
2021-07-27, Lunes 27,233800,0,171400,23700,38700,0,0,62400,0
2021-07-25, Sábado 25,495501,0,350100,102501,42900,0,0,145401,0
2021-07-24, Viernes 24,377710,0,303850,24460,49400,0,0,73860,0
2021-07-23,Jueves 23,287150,0,214150,40700,32300,0,0,73000,0
2021-07-22,Miércoles 22,596275,237855,191070,80400,86950,0,0,167350,0
2021-07-18,Sabado 18,216200,0,64100,43200,108900,0,0,152100,0
2021-07-17, Viernes 17,280690,0,204900,20300,55490,0,0,75790,0
2021-07-16,Jueves 16,239050,0,156550,27900,54600,24805,0,107305,0
2021-07-15,Miércoles 15,104300,0,81600,11700,11000,90000,0,112700,0
2021-07-14, Martes 14,366814,148764,134600,48100,35350,73890,0,157340,0
2021-07-13, Lunes 13,386650,0,318000,23000,45650,0,0,68650,0
2021-07-11,Sábado 11,418100,0,199300,89900,128900,0,0,218800,0
2021-07-10,viernes 10,468390,0,400000,7190,61200,0,0,68390,0
2021-07-09, jueves 9,377740,10400,174400,127300,65640,148768,0,341708,0
2021-07-08,Miércoles 8,227800,0,138700,56000,33100,0,0,89100,0
2021-07-07, Martes 7,291640,0,150140,82600,58900,131560,0,273060,0
2021-07-06,Lunes 6,535538,127777,357661,24900,25200,0,0,50100,0
2021-07-04,Sábado 4,216900,0,99700,76700,40500,0,0,117200,0
2021-07-03,Viernes 3,314124,78524,136250,7500,91850,0,0,99350,0
2021-07-02,Jueves 2,366750,0,160750,21300,184700,0,0,206000,0
2021-07-01,Miércoles 1=,481150,0,292550,138500,50100,0,0,188600,0
